{
    "_0000": {
        "type_id": "opencv-matrix",
        "rows": 3,
        "cols": 1,
        "dt": "d",
        "data": [ -7.0771638335501893e+02, -1.0975864314870466e+02,
            -5.7340558129645160e+01 ]
    }
,    "_0002": {
        "type_id": "opencv-matrix",
        "rows": 3,
        "cols": 1,
        "dt": "d",
        "data": [ -7.0771638335501893e+02, -1.0975864314870466e+02,
            -5.7340558129645160e+01 ]
    }
,    "_0003": {
        "type_id": "opencv-matrix",
        "rows": 3,
        "cols": 1,
        "dt": "d",
        "data": [ -7.0771638335501893e+02, -1.0975864314870466e+02,
            -5.7340558129645160e+01 ]
    }
,    "_0008": {
        "type_id": "opencv-matrix",
        "rows": 3,
        "cols": 1,
        "dt": "d",
        "data": [ -5.8148805557303945e+02, -1.4470692673600411e+01,
            -9.8250981214975127e+01 ]
    }
,    "_0009": {
        "type_id": "opencv-matrix",
        "rows": 3,
        "cols": 1,
        "dt": "d",
        "data": [ -2.9422503247927989e+02, -6.2395593697479660e+02,
            -3.1028795065318536e+02 ]
    }
,    "_0021": {
        "type_id": "opencv-matrix",
        "rows": 3,
        "cols": 1,
        "dt": "d",
        "data": [ -1.3356997309135077e+03, -6.6443218140953513e+02,
            5.7751898156482230e+02 ]
    }
,    "_0022": {
        "type_id": "opencv-matrix",
        "rows": 3,
        "cols": 1,
        "dt": "d",
        "data": [ -6.3673846659279297e+02, -2.6614957825626647e+01,
            -6.6962058474466630e+01 ]
    }
,    "_0030": {
        "type_id": "opencv-matrix",
        "rows": 3,
        "cols": 1,
        "dt": "d",
        "data": [ -7.1154023600829976e+02, 3.8892572405617386e+01,
            -2.6390695278632847e+01 ]
    }
,    "_0031": {
        "type_id": "opencv-matrix",
        "rows": 3,
        "cols": 1,
        "dt": "d",
        "data": [ -6.9463584857189039e+02, 7.7506957875707769e+01,
            -4.5909084306349087e+01 ]
    }
,    "_0032": {
        "type_id": "opencv-matrix",
        "rows": 3,
        "cols": 1,
        "dt": "d",
        "data": [ -6.0242756387604868e+02, 8.9059564307748474e+01,
            -9.5611156088062671e+01 ]
    }
,    "_0033": {
        "type_id": "opencv-matrix",
        "rows": 3,
        "cols": 1,
        "dt": "d",
        "data": [ -6.1356972147887905e+02, 2.7066736830835367e+01,
            -9.2318127702504626e+01 ]
    }
,    "_0038": {
        "type_id": "opencv-matrix",
        "rows": 3,
        "cols": 1,
        "dt": "d",
        "data": [ -6.0223100775233559e+02, -2.3708567372393134e+02,
            -1.3241341247376204e+02 ]
    }
,    "_0039": {
        "type_id": "opencv-matrix",
        "rows": 3,
        "cols": 1,
        "dt": "d",
        "data": [ -6.6953358348660936e+02, -2.3317999486816865e+02,
            -9.7856272497717782e+01 ]
    }
,    "_0040": {
        "type_id": "opencv-matrix",
        "rows": 3,
        "cols": 1,
        "dt": "d",
        "data": [ -7.2833133981903734e+02, -1.5433735048659065e+02,
            -4.7910322138592164e+01 ]
    }
,    "_0041": {
        "type_id": "opencv-matrix",
        "rows": 3,
        "cols": 1,
        "dt": "d",
        "data": [ -7.1938553354954058e+02, -7.4433608186514903e+01,
            -4.3275399639944681e+01 ]
    }
,    "_0042": {
        "type_id": "opencv-matrix",
        "rows": 3,
        "cols": 1,
        "dt": "d",
        "data": [ -6.9520303581149324e+02, -7.5144918774244147e+01,
            -5.1727671207082494e+01 ]
    }
,    "_0043": {
        "type_id": "opencv-matrix",
        "rows": 3,
        "cols": 1,
        "dt": "d",
        "data": [ -5.9155505183552032e+02, -5.2094653391292212e+01,
            -9.7654207711827439e+01 ]
    }
,    "_0044": {
        "type_id": "opencv-matrix",
        "rows": 3,
        "cols": 1,
        "dt": "d",
        "data": [ -6.6546159905784498e+02, 5.9376218096539901e-01,
            -5.8012686387744452e+01 ]
    }
,    "_0045": {
        "type_id": "opencv-matrix",
        "rows": 3,
        "cols": 1,
        "dt": "d",
        "data": [ -7.1421988190767922e+02, 2.6892146663338849e+01,
            -3.0294140353195417e+01 ]
    }
,    "_0049": {
        "type_id": "opencv-matrix",
        "rows": 3,
        "cols": 1,
        "dt": "d",
        "data": [ -7.8332079452917640e+02, 5.1346490618662017e+01,
            2.7846910981320434e+00 ]
    }
,    "_0051": {
        "type_id": "opencv-matrix",
        "rows": 3,
        "cols": 1,
        "dt": "d",
        "data": [ -7.5230527617108282e+02, 3.4376821744475137e+01,
            -7.9667274436615116e+00 ]
    }
,    "_0052": {
        "type_id": "opencv-matrix",
        "rows": 3,
        "cols": 1,
        "dt": "d",
        "data": [ -9.9582844863674779e+02, -7.2437592252597966e+01,
            8.2634339840343728e+01 ]
    }
,    "_0053": {
        "type_id": "opencv-matrix",
        "rows": 3,
        "cols": 1,
        "dt": "d",
        "data": [ -4.3937498911957249e+02, -6.2263551872631695e+01,
            -8.2743524890883236e+01 ]
    }
,    "_0054": {
        "type_id": "opencv-matrix",
        "rows": 3,
        "cols": 1,
        "dt": "d",
        "data": [ -7.3603446829228915e+02, -5.2649420981789604e+01,
            -1.8800698628359441e+01 ]
    }
,    "_0055": {
        "type_id": "opencv-matrix",
        "rows": 3,
        "cols": 1,
        "dt": "d",
        "data": [ -7.8439928620030355e+02, -7.0020648737509191e+01,
            -6.7690963934633146e+00 ]
    }
,    "_0056": {
        "type_id": "opencv-matrix",
        "rows": 3,
        "cols": 1,
        "dt": "d",
        "data": [ -7.4120419561151800e+02, -7.2145717445462310e+01,
            -2.2799758871030008e+01 ]
    }
,    "_0057": {
        "type_id": "opencv-matrix",
        "rows": 3,
        "cols": 1,
        "dt": "d",
        "data": [ -7.6365579258685273e+02, -1.0946003448478956e+02,
            -2.2852674927709359e+01 ]
    }
,    "_0058": {
        "type_id": "opencv-matrix",
        "rows": 3,
        "cols": 1,
        "dt": "d",
        "data": [ -7.6076753846520774e+02, -1.5410464303290109e+02,
            -3.3998634182645219e+01 ]
    }
,    "_0061": {
        "type_id": "opencv-matrix",
        "rows": 3,
        "cols": 1,
        "dt": "d",
        "data": [ -7.5504855159245506e+02, -1.2954443338187161e+02,
            -3.3018722030745721e+01 ]
    }
,    "_0062": {
        "type_id": "opencv-matrix",
        "rows": 3,
        "cols": 1,
        "dt": "d",
        "data": [ -8.6262858589215318e+02, 5.3656468986016534e+00,
            9.9647469542534964e+01 ]
    }
,    "_0067": {
        "type_id": "opencv-matrix",
        "rows": 3,
        "cols": 1,
        "dt": "d",
        "data": [ -8.6773992961397630e+02, -2.0030709773520869e+02,
            -8.2954991615015388e+00 ]
    }
,    "_0069": {
        "type_id": "opencv-matrix",
        "rows": 3,
        "cols": 1,
        "dt": "d",
        "data": [ -8.9516617276819375e+02, -1.9667991083290985e+02,
            6.3214327290852452e+00 ]
    }
,    "_0070": {
        "type_id": "opencv-matrix",
        "rows": 3,
        "cols": 1,
        "dt": "d",
        "data": [ -8.5185001458416968e+02, -1.6007508992691123e+02,
            5.0510215200597486e+00 ]
    }
,    "_0071": {
        "type_id": "opencv-matrix",
        "rows": 3,
        "cols": 1,
        "dt": "d",
        "data": [ -5.9703605324556156e+02, 7.3107004817036284e+01,
            -1.6269179556035851e+01 ]
    }
,    "_0072": {
        "type_id": "opencv-matrix",
        "rows": 3,
        "cols": 1,
        "dt": "d",
        "data": [ -5.8266772448369557e+02, -3.0166937755247801e+01,
            -3.3613560335480543e+01 ]
    }
,    "_0073": {
        "type_id": "opencv-matrix",
        "rows": 3,
        "cols": 1,
        "dt": "d",
        "data": [ -8.3551729446362663e+02, -2.9556013719735475e+01,
            1.8795030927120024e+01 ]
    }
,    "_0074": {
        "type_id": "opencv-matrix",
        "rows": 3,
        "cols": 1,
        "dt": "d",
        "data": [ -9.0675863644527476e+02, 1.1765497538090941e+01,
            3.6196631965904089e+01 ]
    }
,    "_0075": {
        "type_id": "opencv-matrix",
        "rows": 3,
        "cols": 1,
        "dt": "d",
        "data": [ -8.7146734299280968e+02, 3.4503616578562685e+01,
            2.9985637120133106e+01 ]
    }
,    "_0077": {
        "type_id": "opencv-matrix",
        "rows": 3,
        "cols": 1,
        "dt": "d",
        "data": [ -8.7773080208379542e+02, 4.1874522488750586e+01,
            3.2794710044762724e+01 ]
    }
,    "_0078": {
        "type_id": "opencv-matrix",
        "rows": 3,
        "cols": 1,
        "dt": "d",
        "data": [ -8.7350263247172165e+02, 5.0157314063402168e+01,
            3.2900796032752169e+01 ]
    }
,    "_0079": {
        "type_id": "opencv-matrix",
        "rows": 3,
        "cols": 1,
        "dt": "d",
        "data": [ -8.7419632584182148e+02, 7.7477003570812428e+01,
            3.1725379372548105e+01 ]
    }
,    "_0081": {
        "type_id": "opencv-matrix",
        "rows": 3,
        "cols": 1,
        "dt": "d",
        "data": [ -9.0525703518900355e+02, 6.6938396139481625e+01,
            4.1297503066852187e+01 ]
    }
,    "_0082": {
        "type_id": "opencv-matrix",
        "rows": 3,
        "cols": 1,
        "dt": "d",
        "data": [ -8.9372247235350392e+02, 6.4215283242496184e+01,
            4.0414156528554486e+01 ]
    }
,    "_0083": {
        "type_id": "opencv-matrix",
        "rows": 3,
        "cols": 1,
        "dt": "d",
        "data": [ -8.9034933976679247e+02, 6.1789682906588013e+01,
            3.6684593131963538e+01 ]
    }
,    "_0084": {
        "type_id": "opencv-matrix",
        "rows": 3,
        "cols": 1,
        "dt": "d",
        "data": [ -8.8771735859557782e+02, 5.3397650180795480e+01,
            3.6998424774558316e+01 ]
    }
,    "_0085": {
        "type_id": "opencv-matrix",
        "rows": 3,
        "cols": 1,
        "dt": "d",
        "data": [ -9.2343857280214888e+02, 5.1467315213168746e+01,
            3.8405094861066573e+01 ]
    }
,    "_0086": {
        "type_id": "opencv-matrix",
        "rows": 3,
        "cols": 1,
        "dt": "d",
        "data": [ -9.3989591776809834e+02, 3.7916221848356656e+01,
            3.9725533160290524e+01 ]
    }
,    "_0087": {
        "type_id": "opencv-matrix",
        "rows": 3,
        "cols": 1,
        "dt": "d",
        "data": [ -9.2266136744472158e+02, 1.2093415355560140e+00,
            4.0136978999850726e+01 ]
    }
,    "_0088": {
        "type_id": "opencv-matrix",
        "rows": 3,
        "cols": 1,
        "dt": "d",
        "data": [ -8.7562301669293822e+02, -2.3108896119293860e+01,
            3.4761278373639470e+01 ]
    }
,    "_0089": {
        "type_id": "opencv-matrix",
        "rows": 3,
        "cols": 1,
        "dt": "d",
        "data": [ -8.8037028618768431e+02, -6.0698758437963079e+01,
            3.2358217404181687e+01 ]
    }
,    "_0091": {
        "type_id": "opencv-matrix",
        "rows": 3,
        "cols": 1,
        "dt": "d",
        "data": [ -8.6074000447625633e+02, 1.6098472586539174e+01,
            5.7890291276062726e+01 ]
    }
,    "_0093": {
        "type_id": "opencv-matrix",
        "rows": 3,
        "cols": 1,
        "dt": "d",
        "data": [ -8.4990964996994182e+02, -1.3330028109253755e+02,
            1.2677066665288748e+01 ]
    }
,    "_0094": {
        "type_id": "opencv-matrix",
        "rows": 3,
        "cols": 1,
        "dt": "d",
        "data": [ -8.3447607302664369e+02, -1.1994307676510766e+02,
            1.5315670395502821e+01 ]
    }
,    "_0095": {
        "type_id": "opencv-matrix",
        "rows": 3,
        "cols": 1,
        "dt": "d",
        "data": [ -8.3671906167221914e+02, -1.2233396197593413e+02,
            1.6218655577131358e+01 ]
    }
,    "_0096": {
        "type_id": "opencv-matrix",
        "rows": 3,
        "cols": 1,
        "dt": "d",
        "data": [ -8.2751073238067977e+02, -1.5964180544363819e+02,
            2.7694112158133066e+00 ]
    }
,    "_0100": {
        "type_id": "opencv-matrix",
        "rows": 3,
        "cols": 1,
        "dt": "d",
        "data": [ -8.9970877508221906e+02, -1.3034482790004870e+02,
            2.9782168594123050e+01 ]
    }
,    "_0101": {
        "type_id": "opencv-matrix",
        "rows": 3,
        "cols": 1,
        "dt": "d",
        "data": [ -9.1869562871189191e+02, -1.1951975979235999e+02,
            3.2927012506959272e+01 ]
    }
,    "_0103": {
        "type_id": "opencv-matrix",
        "rows": 3,
        "cols": 1,
        "dt": "d",
        "data": [ -9.5244004940527066e+02, -1.1756227480796235e+02,
            3.4773517391059613e+01 ]
    }
,    "_0104": {
        "type_id": "opencv-matrix",
        "rows": 3,
        "cols": 1,
        "dt": "d",
        "data": [ -9.5348530094141063e+02, -1.0441404062157301e+02,
            3.7845395612936045e+01 ]
    }
,    "_0105": {
        "type_id": "opencv-matrix",
        "rows": 3,
        "cols": 1,
        "dt": "d",
        "data": [ -9.5024397905946853e+02, -9.3346053287941118e+01,
            4.2174266949334196e+01 ]
    }
,    "_0106": {
        "type_id": "opencv-matrix",
        "rows": 3,
        "cols": 1,
        "dt": "d",
        "data": [ -9.4648998354882667e+02, -1.1748499598357887e+02,
            4.4313457466454565e+01 ]
    }
,    "_0107": {
        "type_id": "opencv-matrix",
        "rows": 3,
        "cols": 1,
        "dt": "d",
        "data": [ -9.5556493707962454e+02, -1.0146234400304752e+02,
            5.2016491118216436e+01 ]
    }
,    "_0108": {
        "type_id": "opencv-matrix",
        "rows": 3,
        "cols": 1,
        "dt": "d",
        "data": [ -9.5875845243656227e+02, -7.9829941556677852e+01,
            5.8709487304612594e+01 ]
    }
,    "_0109": {
        "type_id": "opencv-matrix",
        "rows": 3,
        "cols": 1,
        "dt": "d",
        "data": [ -9.7437869887062880e+02, -6.8672890515234087e+01,
            5.5450568491142803e+01 ]
    }
,    "_0115": {
        "type_id": "opencv-matrix",
        "rows": 3,
        "cols": 1,
        "dt": "d",
        "data": [ -9.7828770430664406e+02, 2.8601680942380057e+01,
            6.5139942215219435e+01 ]
    }
,    "_0116": {
        "type_id": "opencv-matrix",
        "rows": 3,
        "cols": 1,
        "dt": "d",
        "data": [ -9.8325742874278706e+02, 4.6239339405566369e+01,
            5.8953518051557239e+01 ]
    }
}
