{
    "_0001": {
        "type_id": "opencv-matrix",
        "rows": 3,
        "cols": 1,
        "dt": "d",
        "data": [ -4.9778772526530678e-05, -7.3281298367804854e-06,
            5.6117963175095906e-06 ]
    }
,    "_0002": {
        "type_id": "opencv-matrix",
        "rows": 0,
        "cols": 0,
        "dt": "u",
        "data": []
    }
,    "_0003": {
        "type_id": "opencv-matrix",
        "rows": 0,
        "cols": 0,
        "dt": "u",
        "data": []
    }
,    "_0004": {
        "type_id": "opencv-matrix",
        "rows": 0,
        "cols": 0,
        "dt": "u",
        "data": []
    }
,    "_0005": {
        "type_id": "opencv-matrix",
        "rows": 0,
        "cols": 0,
        "dt": "u",
        "data": []
    }
,    "_0006": {
        "type_id": "opencv-matrix",
        "rows": 0,
        "cols": 0,
        "dt": "u",
        "data": []
    }
,    "_0007": {
        "type_id": "opencv-matrix",
        "rows": 0,
        "cols": 0,
        "dt": "u",
        "data": []
    }
,    "_0008": {
        "type_id": "opencv-matrix",
        "rows": 0,
        "cols": 0,
        "dt": "u",
        "data": []
    }
,    "_0009": {
        "type_id": "opencv-matrix",
        "rows": 0,
        "cols": 0,
        "dt": "u",
        "data": []
    }
,    "_0010": {
        "type_id": "opencv-matrix",
        "rows": 0,
        "cols": 0,
        "dt": "u",
        "data": []
    }
,    "_0011": {
        "type_id": "opencv-matrix",
        "rows": 0,
        "cols": 0,
        "dt": "u",
        "data": []
    }
}
