{
    "_0000": {
        "type_id": "opencv-matrix",
        "rows": 3,
        "cols": 1,
        "dt": "d",
        "data": [ -8.7015146930739206e+02, 7.7843710556427084e+00,
            5.3128735452756700e+01 ]
    }
,    "_0001": {
        "type_id": "opencv-matrix",
        "rows": 3,
        "cols": 1,
        "dt": "d",
        "data": [ -8.6319167160790767e+02, 1.5039603590472041e+01,
            5.4313285965707564e+01 ]
    }
,    "_0002": {
        "type_id": "opencv-matrix",
        "rows": 3,
        "cols": 1,
        "dt": "d",
        "data": [ -8.6827462728690159e+02, 1.6626232050965058e+01,
            5.2319869022021521e+01 ]
    }
,    "_0003": {
        "type_id": "opencv-matrix",
        "rows": 3,
        "cols": 1,
        "dt": "d",
        "data": [ -8.7187808883555670e+02, 1.2484775328362844e+01,
            5.4124349074861129e+01 ]
    }
,    "_0004": {
        "type_id": "opencv-matrix",
        "rows": 3,
        "cols": 1,
        "dt": "d",
        "data": [ -8.5901123260802501e+02, 5.7607591387729542e+00,
            5.3787577995950869e+01 ]
    }
,    "_0005": {
        "type_id": "opencv-matrix",
        "rows": 3,
        "cols": 1,
        "dt": "d",
        "data": [ -8.5969904051629487e+02, 1.1902780100203273e+01,
            5.2422299343286340e+01 ]
    }
,    "_0006": {
        "type_id": "opencv-matrix",
        "rows": 3,
        "cols": 1,
        "dt": "d",
        "data": [ -8.6293215987283861e+02, 1.4301040880892458e+01,
            4.8688600304663851e+01 ]
    }
,    "_0007": {
        "type_id": "opencv-matrix",
        "rows": 3,
        "cols": 1,
        "dt": "d",
        "data": [ -8.7095509017071947e+02, 1.0028797858566122e+01,
            4.6504298322859086e+01 ]
    }
,    "_0008": {
        "type_id": "opencv-matrix",
        "rows": 3,
        "cols": 1,
        "dt": "d",
        "data": [ -8.7146285035200492e+02, 1.0429416711437341e+01,
            5.4567264005833749e+01 ]
    }
,    "_0009": {
        "type_id": "opencv-matrix",
        "rows": 3,
        "cols": 1,
        "dt": "d",
        "data": [ -8.6178822147397648e+02, 9.3027387688601948e+00,
            5.4778945851485787e+01 ]
    }
,    "_0010": {
        "type_id": "opencv-matrix",
        "rows": 3,
        "cols": 1,
        "dt": "d",
        "data": [ -8.6918640046355370e+02, 7.2179572210827700e+00,
            5.4262957374528924e+01 ]
    }
,    "_0011": {
        "type_id": "opencv-matrix",
        "rows": 3,
        "cols": 1,
        "dt": "d",
        "data": [ -8.6232985323952073e+02, 4.5039442916639700e+00,
            5.3729760827855443e+01 ]
    }
,    "_0012": {
        "type_id": "opencv-matrix",
        "rows": 3,
        "cols": 1,
        "dt": "d",
        "data": [ -8.6713533448898067e+02, 2.2345952868447910e+01,
            4.9325010666895196e+01 ]
    }
,    "_0013": {
        "type_id": "opencv-matrix",
        "rows": 3,
        "cols": 1,
        "dt": "d",
        "data": [ -8.6329694086541497e+02, 1.1106365748755138e+01,
            5.5295474566851681e+01 ]
    }
,    "_0014": {
        "type_id": "opencv-matrix",
        "rows": 3,
        "cols": 1,
        "dt": "d",
        "data": [ -8.6634313894196077e+02, 1.2721384363812916e+01,
            5.6762019290790704e+01 ]
    }
,    "_0015": {
        "type_id": "opencv-matrix",
        "rows": 3,
        "cols": 1,
        "dt": "d",
        "data": [ -8.6932531800122774e+02, 7.8653605722710154e+00,
            5.1335771562798072e+01 ]
    }
,    "_0016": {
        "type_id": "opencv-matrix",
        "rows": 3,
        "cols": 1,
        "dt": "d",
        "data": [ -8.6320798081116823e+02, 1.0263169612019595e+01,
            5.2299927741832562e+01 ]
    }
,    "_0017": {
        "type_id": "opencv-matrix",
        "rows": 3,
        "cols": 1,
        "dt": "d",
        "data": [ -8.6620182090496826e+02, 1.4192682834922778e+01,
            5.1496978701980424e+01 ]
    }
,    "_0018": {
        "type_id": "opencv-matrix",
        "rows": 3,
        "cols": 1,
        "dt": "d",
        "data": [ -8.6048962570518097e+02, 9.6218853361935430e+00,
            5.3494895180004278e+01 ]
    }
,    "_0019": {
        "type_id": "opencv-matrix",
        "rows": 3,
        "cols": 1,
        "dt": "d",
        "data": [ -8.6752554397945153e+02, 1.1998889308777620e+01,
            5.2261187347998202e+01 ]
    }
,    "_0020": {
        "type_id": "opencv-matrix",
        "rows": 3,
        "cols": 1,
        "dt": "d",
        "data": [ -8.5968190981546661e+02, 9.0623646708353931e+00,
            5.4766599185741597e+01 ]
    }
,    "_0021": {
        "type_id": "opencv-matrix",
        "rows": 3,
        "cols": 1,
        "dt": "d",
        "data": [ -8.6200884498504183e+02, 1.0702311678052098e+01,
            5.0481586331843118e+01 ]
    }
,    "_0022": {
        "type_id": "opencv-matrix",
        "rows": 3,
        "cols": 1,
        "dt": "d",
        "data": [ -8.6844651563146294e+02, 7.7708279015943518e+00,
            5.2167058777860348e+01 ]
    }
,    "_0023": {
        "type_id": "opencv-matrix",
        "rows": 3,
        "cols": 1,
        "dt": "d",
        "data": [ -8.6235626162037488e+02, 1.0309198819977837e+01,
            5.2288690981296895e+01 ]
    }
,    "_0024": {
        "type_id": "opencv-matrix",
        "rows": 3,
        "cols": 1,
        "dt": "d",
        "data": [ -8.7042310270202825e+02, 1.5588038574528397e+01,
            3.9534834141007195e+01 ]
    }
,    "_0025": {
        "type_id": "opencv-matrix",
        "rows": 3,
        "cols": 1,
        "dt": "d",
        "data": [ -8.5951428448238585e+02, 1.9818226916220397e+01,
            4.1629489241292958e+01 ]
    }
,    "_0026": {
        "type_id": "opencv-matrix",
        "rows": 3,
        "cols": 1,
        "dt": "d",
        "data": [ -8.6539510056387132e+02, 1.3749219838412529e+01,
            5.6663245184574862e+01 ]
    }
,    "_0027": {
        "type_id": "opencv-matrix",
        "rows": 3,
        "cols": 1,
        "dt": "d",
        "data": [ -8.8398907834557122e+02, 2.3154870601614732e+01,
            3.9711870183552492e+01 ]
    }
,    "_0028": {
        "type_id": "opencv-matrix",
        "rows": 3,
        "cols": 1,
        "dt": "d",
        "data": [ -8.6904762725557885e+02, 9.0774558181749256e+00,
            5.0318898287696356e+01 ]
    }
,    "_0029": {
        "type_id": "opencv-matrix",
        "rows": 3,
        "cols": 1,
        "dt": "d",
        "data": [ -8.7017727255308500e+02, 6.1573849404885266e+00,
            5.4811074957315668e+01 ]
    }
,    "_0030": {
        "type_id": "opencv-matrix",
        "rows": 3,
        "cols": 1,
        "dt": "d",
        "data": [ -8.6165925643258470e+02, 1.7847999770033383e+01,
            5.0644137928997225e+01 ]
    }
,    "_0031": {
        "type_id": "opencv-matrix",
        "rows": 3,
        "cols": 1,
        "dt": "d",
        "data": [ -8.8099511154541256e+02, 1.1688079426794872e+01,
            5.0226855038099529e+01 ]
    }
,    "_0032": {
        "type_id": "opencv-matrix",
        "rows": 3,
        "cols": 1,
        "dt": "d",
        "data": [ -8.6125095413155680e+02, 8.0894333597315722e+00,
            5.7504276585793377e+01 ]
    }
,    "_0033": {
        "type_id": "opencv-matrix",
        "rows": 3,
        "cols": 1,
        "dt": "d",
        "data": [ -8.7434146623143022e+02, 1.0828401703449273e+01,
            5.2755176368127195e+01 ]
    }
,    "_0034": {
        "type_id": "opencv-matrix",
        "rows": 3,
        "cols": 1,
        "dt": "d",
        "data": [ -8.4911518897488111e+02, 1.7324241864433986e+01,
            5.2986246216118616e+01 ]
    }
,    "_0035": {
        "type_id": "opencv-matrix",
        "rows": 3,
        "cols": 1,
        "dt": "d",
        "data": [ -8.6493142409726249e+02, 1.6905018340361664e+01,
            5.7335997404486079e+01 ]
    }
,    "_0036": {
        "type_id": "opencv-matrix",
        "rows": 3,
        "cols": 1,
        "dt": "d",
        "data": [ -8.7080787960229702e+02, 6.2292202315730094e+00,
            5.4446797428761784e+01 ]
    }
,    "_0037": {
        "type_id": "opencv-matrix",
        "rows": 3,
        "cols": 1,
        "dt": "d",
        "data": [ -8.5285489467822765e+02, 2.4147832785183084e+01,
            5.1449513124968234e+01 ]
    }
,    "_0038": {
        "type_id": "opencv-matrix",
        "rows": 3,
        "cols": 1,
        "dt": "d",
        "data": [ -8.7082460099429841e+02, 9.9959903355912019e+00,
            4.9950318783230614e+01 ]
    }
,    "_0039": {
        "type_id": "opencv-matrix",
        "rows": 3,
        "cols": 1,
        "dt": "d",
        "data": [ -8.5991315848867680e+02, 3.8527047573802946e+00,
            4.8137182931904590e+01 ]
    }
,    "_0040": {
        "type_id": "opencv-matrix",
        "rows": 3,
        "cols": 1,
        "dt": "d",
        "data": [ -8.6175139363121048e+02, 2.7563096752308638e+01,
            4.0119105020543884e+01 ]
    }
,    "_0041": {
        "type_id": "opencv-matrix",
        "rows": 3,
        "cols": 1,
        "dt": "d",
        "data": [ -8.5736579131810356e+02, 2.4999891015397644e+01,
            4.3955287942473205e+01 ]
    }
,    "_0042": {
        "type_id": "opencv-matrix",
        "rows": 3,
        "cols": 1,
        "dt": "d",
        "data": [ -8.5892549956400683e+02, 1.5655975084677863e+01,
            4.8886931814287436e+01 ]
    }
,    "_0043": {
        "type_id": "opencv-matrix",
        "rows": 3,
        "cols": 1,
        "dt": "d",
        "data": [ -8.7360671793031042e+02, 8.7286419260319690e+00,
            5.4009084129826533e+01 ]
    }
,    "_0044": {
        "type_id": "opencv-matrix",
        "rows": 3,
        "cols": 1,
        "dt": "d",
        "data": [ -8.6890694366771504e+02, 4.1333409215703085e+00,
            5.1571834386265436e+01 ]
    }
,    "_0045": {
        "type_id": "opencv-matrix",
        "rows": 3,
        "cols": 1,
        "dt": "d",
        "data": [ -8.6354386918504372e+02, 1.1258253398060418e+01,
            5.5805647021296863e+01 ]
    }
,    "_0046": {
        "type_id": "opencv-matrix",
        "rows": 3,
        "cols": 1,
        "dt": "d",
        "data": [ -8.5486462883453748e+02, 6.9252466229238792e+00,
            5.4884442773163755e+01 ]
    }
,    "_0047": {
        "type_id": "opencv-matrix",
        "rows": 3,
        "cols": 1,
        "dt": "d",
        "data": [ -8.5957665838988169e+02, 2.5764857047290633e+01,
            5.3374279189955359e+01 ]
    }
,    "_0048": {
        "type_id": "opencv-matrix",
        "rows": 3,
        "cols": 1,
        "dt": "d",
        "data": [ -8.6225557843005299e+02, 5.6555823400269958e+00,
            5.6664300104355789e+01 ]
    }
,    "_0049": {
        "type_id": "opencv-matrix",
        "rows": 3,
        "cols": 1,
        "dt": "d",
        "data": [ -8.7282695203450533e+02, 9.1346211268156310e+00,
            5.5155554369969650e+01 ]
    }
,    "_0050": {
        "type_id": "opencv-matrix",
        "rows": 3,
        "cols": 1,
        "dt": "d",
        "data": [ -8.6474289063992740e+02, 8.1979812577485234e+00,
            5.2858447613616590e+01 ]
    }
,    "_0051": {
        "type_id": "opencv-matrix",
        "rows": 3,
        "cols": 1,
        "dt": "d",
        "data": [ -8.5743735477150290e+02, 1.6587853787643127e+01,
            5.5516855274715454e+01 ]
    }
,    "_0052": {
        "type_id": "opencv-matrix",
        "rows": 3,
        "cols": 1,
        "dt": "d",
        "data": [ -8.6974281815101426e+02, 1.1252190462747080e+01,
            5.3001923242851717e+01 ]
    }
,    "_0053": {
        "type_id": "opencv-matrix",
        "rows": 3,
        "cols": 1,
        "dt": "d",
        "data": [ -8.6198404473140010e+02, 6.8130521520848220e+00,
            5.3066825843803599e+01 ]
    }
,    "_0054": {
        "type_id": "opencv-matrix",
        "rows": 3,
        "cols": 1,
        "dt": "d",
        "data": [ -8.7027071520610116e+02, 3.0006516549975373e+01,
            5.0619414594378668e+01 ]
    }
,    "_0055": {
        "type_id": "opencv-matrix",
        "rows": 3,
        "cols": 1,
        "dt": "d",
        "data": [ -8.7640278376961521e+02, 1.0030905753362333e+01,
            5.4979360998821448e+01 ]
    }
,    "_0056": {
        "type_id": "opencv-matrix",
        "rows": 3,
        "cols": 1,
        "dt": "d",
        "data": [ -8.6289317853879288e+02, 7.5790215606112668e+00,
            5.7226741186374511e+01 ]
    }
,    "_0057": {
        "type_id": "opencv-matrix",
        "rows": 3,
        "cols": 1,
        "dt": "d",
        "data": [ -8.6944575156864767e+02, 1.2014825005953156e+01,
            5.0668005749173517e+01 ]
    }
,    "_0058": {
        "type_id": "opencv-matrix",
        "rows": 3,
        "cols": 1,
        "dt": "d",
        "data": [ -8.7197618163275081e+02, 1.0896773140514995e+01,
            5.0176277572242270e+01 ]
    }
,    "_0059": {
        "type_id": "opencv-matrix",
        "rows": 3,
        "cols": 1,
        "dt": "d",
        "data": [ -8.6267837015622501e+02, 1.8058770532493895e+01,
            4.9077902241489937e+01 ]
    }
,    "_0060": {
        "type_id": "opencv-matrix",
        "rows": 3,
        "cols": 1,
        "dt": "d",
        "data": [ -8.6346020670337714e+02, 9.6514368823880545e+00,
            5.3433711283206321e+01 ]
    }
,    "_0061": {
        "type_id": "opencv-matrix",
        "rows": 3,
        "cols": 1,
        "dt": "d",
        "data": [ -8.6511286174695579e+02, 8.4372386640949344e+00,
            5.4585209916047006e+01 ]
    }
,    "_0062": {
        "type_id": "opencv-matrix",
        "rows": 3,
        "cols": 1,
        "dt": "d",
        "data": [ -8.5512797712695351e+02, 7.1303634266040490e+00,
            5.1204080456226166e+01 ]
    }
,    "_0063": {
        "type_id": "opencv-matrix",
        "rows": 3,
        "cols": 1,
        "dt": "d",
        "data": [ -8.5877851763161027e+02, 1.0273743670939297e+01,
            5.4347495136089947e+01 ]
    }
,    "_0064": {
        "type_id": "opencv-matrix",
        "rows": 3,
        "cols": 1,
        "dt": "d",
        "data": [ -8.4981583898575059e+02, 4.8669073961557956e+00,
            4.8801528613597384e+01 ]
    }
,    "_0065": {
        "type_id": "opencv-matrix",
        "rows": 3,
        "cols": 1,
        "dt": "d",
        "data": [ -8.6762783914720876e+02, 4.8310060626438940e+00,
            5.5677271344150540e+01 ]
    }
,    "_0066": {
        "type_id": "opencv-matrix",
        "rows": 3,
        "cols": 1,
        "dt": "d",
        "data": [ -8.5662876900661047e+02, 2.9400768523775923e+01,
            5.3782423399376057e+01 ]
    }
,    "_0067": {
        "type_id": "opencv-matrix",
        "rows": 3,
        "cols": 1,
        "dt": "d",
        "data": [ -8.6779204600998401e+02, 2.4118769155049449e+01,
            5.2690497983969635e+01 ]
    }
,    "_0068": {
        "type_id": "opencv-matrix",
        "rows": 3,
        "cols": 1,
        "dt": "d",
        "data": [ -8.5615603784872019e+02, 1.8361321559492353e+01,
            5.6356147324019275e+01 ]
    }
,    "_0069": {
        "type_id": "opencv-matrix",
        "rows": 3,
        "cols": 1,
        "dt": "d",
        "data": [ -8.5614293956834547e+02, 1.6798216279937435e+01,
            5.5866754527262401e+01 ]
    }
,    "_0070": {
        "type_id": "opencv-matrix",
        "rows": 3,
        "cols": 1,
        "dt": "d",
        "data": [ -8.5905109101212577e+02, 1.0241466190942731e+01,
            5.7792519831953541e+01 ]
    }
,    "_0071": {
        "type_id": "opencv-matrix",
        "rows": 3,
        "cols": 1,
        "dt": "d",
        "data": [ -8.5562782419586472e+02, 1.9342043255278440e-02,
            6.4096705325043331e+01 ]
    }
,    "_0072": {
        "type_id": "opencv-matrix",
        "rows": 3,
        "cols": 1,
        "dt": "d",
        "data": [ -8.6510513493587644e+02, 7.3109022588843686e-01,
            5.6190675447553076e+01 ]
    }
,    "_0073": {
        "type_id": "opencv-matrix",
        "rows": 3,
        "cols": 1,
        "dt": "d",
        "data": [ -8.5927343223829394e+02, 1.0596937315844770e+01,
            5.7860720439786746e+01 ]
    }
,    "_0074": {
        "type_id": "opencv-matrix",
        "rows": 3,
        "cols": 1,
        "dt": "d",
        "data": [ -8.7465593363339212e+02, 3.7338333530365901e+01,
            3.9972760549901523e+01 ]
    }
,    "_0075": {
        "type_id": "opencv-matrix",
        "rows": 3,
        "cols": 1,
        "dt": "d",
        "data": [ -8.5887715600826687e+02, 1.3726345918470145e+01,
            5.1319441434797682e+01 ]
    }
,    "_0076": {
        "type_id": "opencv-matrix",
        "rows": 3,
        "cols": 1,
        "dt": "d",
        "data": [ -8.6385804402685073e+02, 1.0317726798805097e+01,
            5.6103457456737942e+01 ]
    }
,    "_0077": {
        "type_id": "opencv-matrix",
        "rows": 3,
        "cols": 1,
        "dt": "d",
        "data": [ -8.6237075931786899e+02, 3.7146088976453939e+01,
            3.7702870388735846e+01 ]
    }
,    "_0078": {
        "type_id": "opencv-matrix",
        "rows": 3,
        "cols": 1,
        "dt": "d",
        "data": [ -8.8170317266353379e+02, 2.2810401419278037e+00,
            5.6724737129716232e+01 ]
    }
,    "_0079": {
        "type_id": "opencv-matrix",
        "rows": 3,
        "cols": 1,
        "dt": "d",
        "data": [ -8.5806189664853821e+02, 2.6410920146830108e+00,
            5.2378114393136457e+01 ]
    }
,    "_0080": {
        "type_id": "opencv-matrix",
        "rows": 3,
        "cols": 1,
        "dt": "d",
        "data": [ -8.6294197753731930e+02, 8.7758478036289205e+00,
            5.5418260420261504e+01 ]
    }
,    "_0081": {
        "type_id": "opencv-matrix",
        "rows": 3,
        "cols": 1,
        "dt": "d",
        "data": [ -8.6313689775754301e+02, 1.2191779922988843e+01,
            5.0644255421796061e+01 ]
    }
,    "_0082": {
        "type_id": "opencv-matrix",
        "rows": 3,
        "cols": 1,
        "dt": "d",
        "data": [ -8.3668848609879444e+02, 1.0989633273118329e+01,
            3.5424213121876619e+01 ]
    }
,    "_0083": {
        "type_id": "opencv-matrix",
        "rows": 3,
        "cols": 1,
        "dt": "d",
        "data": [ -8.6561602003506516e+02, 5.7131506881267740e+00,
            5.5937170837979920e+01 ]
    }
,    "_0084": {
        "type_id": "opencv-matrix",
        "rows": 3,
        "cols": 1,
        "dt": "d",
        "data": [ -8.6667822237424775e+02, 2.3808912826643791e+00,
            5.6082434631781325e+01 ]
    }
,    "_0085": {
        "type_id": "opencv-matrix",
        "rows": 3,
        "cols": 1,
        "dt": "d",
        "data": [ -8.6541732033358335e+02, 2.9306053376434704e+00,
            5.3880923246856128e+01 ]
    }
,    "_0086": {
        "type_id": "opencv-matrix",
        "rows": 3,
        "cols": 1,
        "dt": "d",
        "data": [ -8.6378189912260575e+02, 1.2124562937460837e+01,
            5.5121170553305546e+01 ]
    }
,    "_0087": {
        "type_id": "opencv-matrix",
        "rows": 3,
        "cols": 1,
        "dt": "d",
        "data": [ -8.6364054707267178e+02, 1.0543794279884139e+01,
            5.4893228895862194e+01 ]
    }
,    "_0088": {
        "type_id": "opencv-matrix",
        "rows": 3,
        "cols": 1,
        "dt": "d",
        "data": [ -8.6249098307165832e+02, 7.8397297984083423e+00,
            5.5882333447195833e+01 ]
    }
,    "_0089": {
        "type_id": "opencv-matrix",
        "rows": 3,
        "cols": 1,
        "dt": "d",
        "data": [ -8.5950883248831235e+02, 1.1080281161351706e+01,
            5.4097439596821914e+01 ]
    }
,    "_0091": {
        "type_id": "opencv-matrix",
        "rows": 3,
        "cols": 1,
        "dt": "d",
        "data": [ -8.6263301220567496e+02, 6.6396028506187292e+00,
            5.4265290666829060e+01 ]
    }
,    "_0092": {
        "type_id": "opencv-matrix",
        "rows": 3,
        "cols": 1,
        "dt": "d",
        "data": [ -8.6342039021785604e+02, 8.4614053505208915e+00,
            5.4209364109488888e+01 ]
    }
,    "_0093": {
        "type_id": "opencv-matrix",
        "rows": 3,
        "cols": 1,
        "dt": "d",
        "data": [ -8.5638637057770234e+02, 2.6948164030614379e+00,
            5.6738888956434948e+01 ]
    }
,    "_0094": {
        "type_id": "opencv-matrix",
        "rows": 3,
        "cols": 1,
        "dt": "d",
        "data": [ -8.5525921652720126e+02, 1.2483954648025957e+01,
            4.8673242270165701e+01 ]
    }
,    "_0095": {
        "type_id": "opencv-matrix",
        "rows": 3,
        "cols": 1,
        "dt": "d",
        "data": [ -8.6346270705189545e+02, 5.2222072609814916e+00,
            5.4439281500219295e+01 ]
    }
,    "_0096": {
        "type_id": "opencv-matrix",
        "rows": 3,
        "cols": 1,
        "dt": "d",
        "data": [ -8.6056042544107709e+02, 1.2230736628604177e+01,
            5.4245309832966541e+01 ]
    }
,    "_0097": {
        "type_id": "opencv-matrix",
        "rows": 3,
        "cols": 1,
        "dt": "d",
        "data": [ -8.6156395973443682e+02, 8.6409050568266252e+00,
            5.4302882052517361e+01 ]
    }
,    "_0098": {
        "type_id": "opencv-matrix",
        "rows": 3,
        "cols": 1,
        "dt": "d",
        "data": [ -8.7872350945839719e+02, 1.2162391318009810e+01,
            4.7342298744118125e+01 ]
    }
,    "_0099": {
        "type_id": "opencv-matrix",
        "rows": 3,
        "cols": 1,
        "dt": "d",
        "data": [ -8.7303959883612322e+02, 2.3727139515827361e+01,
            4.9267252433610793e+01 ]
    }
,    "_0100": {
        "type_id": "opencv-matrix",
        "rows": 3,
        "cols": 1,
        "dt": "d",
        "data": [ -8.5725682498812557e+02, 7.1348030816642733e+00,
            5.1691251519739581e+01 ]
    }
,    "_0101": {
        "type_id": "opencv-matrix",
        "rows": 3,
        "cols": 1,
        "dt": "d",
        "data": [ -8.6262879835320280e+02, 2.3514165441439985e+01,
            4.5356320991019857e+01 ]
    }
,    "_0102": {
        "type_id": "opencv-matrix",
        "rows": 3,
        "cols": 1,
        "dt": "d",
        "data": [ -8.5844330772965270e+02, 5.6946561120071522e+00,
            5.5428777331024776e+01 ]
    }
,    "_0103": {
        "type_id": "opencv-matrix",
        "rows": 3,
        "cols": 1,
        "dt": "d",
        "data": [ -8.6384944841361960e+02, 1.5287114695646011e+01,
            5.4963883883620383e+01 ]
    }
,    "_0104": {
        "type_id": "opencv-matrix",
        "rows": 3,
        "cols": 1,
        "dt": "d",
        "data": [ -8.6553055762411043e+02, 1.2091649144182924e+01,
            5.2255139449970557e+01 ]
    }
,    "_0105": {
        "type_id": "opencv-matrix",
        "rows": 3,
        "cols": 1,
        "dt": "d",
        "data": [ -8.6968379442516493e+02, 5.7044910295107627e+00,
            5.5413848468237120e+01 ]
    }
,    "_0106": {
        "type_id": "opencv-matrix",
        "rows": 3,
        "cols": 1,
        "dt": "d",
        "data": [ -8.7179481403919976e+02, 6.2804700563840754e+00,
            5.2965415817779558e+01 ]
    }
,    "_0107": {
        "type_id": "opencv-matrix",
        "rows": 3,
        "cols": 1,
        "dt": "d",
        "data": [ -8.6166900481793300e+02, 1.0219355728175145e+01,
            5.5610999396804345e+01 ]
    }
,    "_0108": {
        "type_id": "opencv-matrix",
        "rows": 3,
        "cols": 1,
        "dt": "d",
        "data": [ -8.5767945674376983e+02, 1.1156958662911023e+01,
            5.3793655768020017e+01 ]
    }
,    "_0109": {
        "type_id": "opencv-matrix",
        "rows": 3,
        "cols": 1,
        "dt": "d",
        "data": [ -8.6693642878892433e+02, 8.9434298728144199e+00,
            5.3063763574909444e+01 ]
    }
,    "_0110": {
        "type_id": "opencv-matrix",
        "rows": 3,
        "cols": 1,
        "dt": "d",
        "data": [ -8.5913480862351082e+02, 1.7265694412399966e+01,
            5.4777687534921370e+01 ]
    }
,    "_0111": {
        "type_id": "opencv-matrix",
        "rows": 3,
        "cols": 1,
        "dt": "d",
        "data": [ -8.5861333272477805e+02, 1.3870559937933450e+01,
            5.5334359728605705e+01 ]
    }
,    "_0112": {
        "type_id": "opencv-matrix",
        "rows": 3,
        "cols": 1,
        "dt": "d",
        "data": [ -8.6623018199105570e+02, 9.4376362957629709e+00,
            4.9037550876888417e+01 ]
    }
,    "_0113": {
        "type_id": "opencv-matrix",
        "rows": 3,
        "cols": 1,
        "dt": "d",
        "data": [ -8.6543769887881012e+02, 1.0102419480640094e+01,
            5.2016894616224363e+01 ]
    }
,    "_0114": {
        "type_id": "opencv-matrix",
        "rows": 3,
        "cols": 1,
        "dt": "d",
        "data": [ -8.7410168055477368e+02, 1.4656973805956568e+01,
            4.8972768661866667e+01 ]
    }
,    "_0115": {
        "type_id": "opencv-matrix",
        "rows": 3,
        "cols": 1,
        "dt": "d",
        "data": [ -8.6033358273790759e+02, 1.3194471151183564e+01,
            5.2083103230314919e+01 ]
    }
,    "_0116": {
        "type_id": "opencv-matrix",
        "rows": 3,
        "cols": 1,
        "dt": "d",
        "data": [ -8.6317421568966358e+02, 1.2035553440032743e+01,
            5.4734898452225480e+01 ]
    }
,    "_0117": {
        "type_id": "opencv-matrix",
        "rows": 3,
        "cols": 1,
        "dt": "d",
        "data": [ -8.6326325640970072e+02, 1.0418442349688803e+01,
            5.5907439246161630e+01 ]
    }
,    "_0118": {
        "type_id": "opencv-matrix",
        "rows": 3,
        "cols": 1,
        "dt": "d",
        "data": [ -8.6392181029507935e+02, 2.1785996312376170e+01,
            5.4174696041242441e+01 ]
    }
,    "_0119": {
        "type_id": "opencv-matrix",
        "rows": 3,
        "cols": 1,
        "dt": "d",
        "data": [ -8.6613700988346272e+02, 1.3231171514266265e+01,
            5.4483235321712982e+01 ]
    }
,    "_0120": {
        "type_id": "opencv-matrix",
        "rows": 3,
        "cols": 1,
        "dt": "d",
        "data": [ -8.6079929033895905e+02, 2.2640316285002740e+01,
            5.8969505029186166e+01 ]
    }
,    "_0121": {
        "type_id": "opencv-matrix",
        "rows": 3,
        "cols": 1,
        "dt": "d",
        "data": [ -8.6174845202774168e+02, 1.1764627139138142e+01,
            5.5866565656776856e+01 ]
    }
,    "_0122": {
        "type_id": "opencv-matrix",
        "rows": 3,
        "cols": 1,
        "dt": "d",
        "data": [ -8.6590361108659647e+02, 8.7904957564076938e+00,
            5.6016008353529742e+01 ]
    }
,    "_0123": {
        "type_id": "opencv-matrix",
        "rows": 3,
        "cols": 1,
        "dt": "d",
        "data": [ -8.6085170278572059e+02, 1.1880498266214573e+01,
            5.5216035592900880e+01 ]
    }
,    "_0124": {
        "type_id": "opencv-matrix",
        "rows": 3,
        "cols": 1,
        "dt": "d",
        "data": [ -8.6197651155425547e+02, 2.1343094849864229e+01,
            5.5068677658618981e+01 ]
    }
,    "_0125": {
        "type_id": "opencv-matrix",
        "rows": 3,
        "cols": 1,
        "dt": "d",
        "data": [ -8.6441973182006154e+02, 1.0910483256413073e+01,
            5.4663532926576863e+01 ]
    }
,    "_0126": {
        "type_id": "opencv-matrix",
        "rows": 3,
        "cols": 1,
        "dt": "d",
        "data": [ -8.6327312125407138e+02, 9.8520438587731292e+00,
            5.5082453314348186e+01 ]
    }
,    "_0127": {
        "type_id": "opencv-matrix",
        "rows": 3,
        "cols": 1,
        "dt": "d",
        "data": [ -8.6275456188776673e+02, 1.0453056065116897e+01,
            5.4949942431088402e+01 ]
    }
,    "_0128": {
        "type_id": "opencv-matrix",
        "rows": 3,
        "cols": 1,
        "dt": "d",
        "data": [ -8.6865640647491148e+02, 6.6125386174793732e+00,
            5.6550630148813525e+01 ]
    }
,    "_0129": {
        "type_id": "opencv-matrix",
        "rows": 3,
        "cols": 1,
        "dt": "d",
        "data": [ -8.6288404191626023e+02, -8.6509533926968629e+00,
            5.5215104462804447e+01 ]
    }
,    "_0130": {
        "type_id": "opencv-matrix",
        "rows": 3,
        "cols": 1,
        "dt": "d",
        "data": [ -8.6493251612752124e+02, -5.1818875325255078e+00,
            5.4123957427811092e+01 ]
    }
,    "_0131": {
        "type_id": "opencv-matrix",
        "rows": 3,
        "cols": 1,
        "dt": "d",
        "data": [ -8.7054394246838990e+02, 8.6702050751639206e+00,
            5.8561277782110210e+01 ]
    }
,    "_0132": {
        "type_id": "opencv-matrix",
        "rows": 3,
        "cols": 1,
        "dt": "d",
        "data": [ -8.5924748672602254e+02, -4.8230944379211280e+00,
            5.3919681242326078e+01 ]
    }
,    "_0133": {
        "type_id": "opencv-matrix",
        "rows": 3,
        "cols": 1,
        "dt": "d",
        "data": [ -8.6050163092371281e+02, 1.7642725695839175e+01,
            5.3324698056552734e+01 ]
    }
,    "_0134": {
        "type_id": "opencv-matrix",
        "rows": 3,
        "cols": 1,
        "dt": "d",
        "data": [ -8.6881269755449546e+02, 5.9238725896034623e+00,
            5.5198705037375476e+01 ]
    }
,    "_0135": {
        "type_id": "opencv-matrix",
        "rows": 3,
        "cols": 1,
        "dt": "d",
        "data": [ -8.5527921631132949e+02, -1.0011622138301334e+01,
            4.8618977524809907e+01 ]
    }
,    "_0136": {
        "type_id": "opencv-matrix",
        "rows": 3,
        "cols": 1,
        "dt": "d",
        "data": [ -8.7130855885313474e+02, 1.6467511269912507e+01,
            5.4636335581889853e+01 ]
    }
,    "_0137": {
        "type_id": "opencv-matrix",
        "rows": 3,
        "cols": 1,
        "dt": "d",
        "data": [ -8.6609852272582100e+02, 6.2900146252669913e+00,
            5.4050079243614618e+01 ]
    }
,    "_0138": {
        "type_id": "opencv-matrix",
        "rows": 3,
        "cols": 1,
        "dt": "d",
        "data": [ -8.5740119719980760e+02, 2.2837951609490403e+00,
            5.1620446539351178e+01 ]
    }
,    "_0139": {
        "type_id": "opencv-matrix",
        "rows": 3,
        "cols": 1,
        "dt": "d",
        "data": [ -8.4345849730794555e+02, 1.1034436470349505e+01,
            4.7992720342507710e+01 ]
    }
,    "_0140": {
        "type_id": "opencv-matrix",
        "rows": 3,
        "cols": 1,
        "dt": "d",
        "data": [ -8.6962212861287003e+02, -1.2422276222722815e+00,
            5.8003912302986919e+01 ]
    }
,    "_0141": {
        "type_id": "opencv-matrix",
        "rows": 3,
        "cols": 1,
        "dt": "d",
        "data": [ -8.6306268754174130e+02, 6.9726695743536595e+00,
            5.8426634324506267e+01 ]
    }
,    "_0142": {
        "type_id": "opencv-matrix",
        "rows": 3,
        "cols": 1,
        "dt": "d",
        "data": [ -8.5765988185633933e+02, 2.4146853663978874e+01,
            4.7350017084734645e+01 ]
    }
,    "_0143": {
        "type_id": "opencv-matrix",
        "rows": 3,
        "cols": 1,
        "dt": "d",
        "data": [ -8.5840965806226222e+02, 9.1557751854250853e+00,
            5.4493243297046774e+01 ]
    }
,    "_0144": {
        "type_id": "opencv-matrix",
        "rows": 3,
        "cols": 1,
        "dt": "d",
        "data": [ -8.6712282844610775e+02, 2.1057975703380833e+01,
            4.9679618822182420e+01 ]
    }
,    "_0145": {
        "type_id": "opencv-matrix",
        "rows": 3,
        "cols": 1,
        "dt": "d",
        "data": [ -8.6647983879530443e+02, 4.0570583539612812e+00,
            5.1488844933675409e+01 ]
    }
,    "_0146": {
        "type_id": "opencv-matrix",
        "rows": 3,
        "cols": 1,
        "dt": "d",
        "data": [ -8.6612878617808394e+02, 4.0398932706200839e+01,
            6.6268312113635147e+01 ]
    }
,    "_0147": {
        "type_id": "opencv-matrix",
        "rows": 3,
        "cols": 1,
        "dt": "d",
        "data": [ -8.6348191389349950e+02, 8.1619111238632343e+00,
            6.3440237975189120e+01 ]
    }
,    "_0148": {
        "type_id": "opencv-matrix",
        "rows": 3,
        "cols": 1,
        "dt": "d",
        "data": [ -8.8135634394190288e+02, 8.9552508347446178e+00,
            4.6840045936056868e+01 ]
    }
,    "_0149": {
        "type_id": "opencv-matrix",
        "rows": 3,
        "cols": 1,
        "dt": "d",
        "data": [ -8.7073591208547407e+02, 5.2305565971724093e+00,
            5.5805657485569100e+01 ]
    }
,    "_0150": {
        "type_id": "opencv-matrix",
        "rows": 3,
        "cols": 1,
        "dt": "d",
        "data": [ -8.6173401572624209e+02, 9.0474213914084487e+00,
            5.4546008366116439e+01 ]
    }
,    "_0151": {
        "type_id": "opencv-matrix",
        "rows": 3,
        "cols": 1,
        "dt": "d",
        "data": [ -8.7684156448882288e+02, 1.9495243087218455e+01,
            4.6268049512560538e+01 ]
    }
,    "_0152": {
        "type_id": "opencv-matrix",
        "rows": 3,
        "cols": 1,
        "dt": "d",
        "data": [ -8.6988180993650553e+02, 5.8422465148331924e+00,
            5.5637239057854913e+01 ]
    }
,    "_0153": {
        "type_id": "opencv-matrix",
        "rows": 3,
        "cols": 1,
        "dt": "d",
        "data": [ -8.7211223415106110e+02, 3.8405712794665590e+00,
            5.6090018153384790e+01 ]
    }
,    "_0154": {
        "type_id": "opencv-matrix",
        "rows": 3,
        "cols": 1,
        "dt": "d",
        "data": [ -8.6295480430698046e+02, 5.2732381292993296e+00,
            5.5214328132632090e+01 ]
    }
,    "_0155": {
        "type_id": "opencv-matrix",
        "rows": 3,
        "cols": 1,
        "dt": "d",
        "data": [ -8.6263901429509099e+02, 4.8312656271747585e+00,
            5.4178010621396425e+01 ]
    }
,    "_0156": {
        "type_id": "opencv-matrix",
        "rows": 3,
        "cols": 1,
        "dt": "d",
        "data": [ -8.7551397972525228e+02, 1.5660955761707186e+01,
            3.9391109720956592e+01 ]
    }
,    "_0157": {
        "type_id": "opencv-matrix",
        "rows": 3,
        "cols": 1,
        "dt": "d",
        "data": [ -8.7437867602009146e+02, 7.8459496296862312e+00,
            5.0319382130891881e+01 ]
    }
,    "_0158": {
        "type_id": "opencv-matrix",
        "rows": 3,
        "cols": 1,
        "dt": "d",
        "data": [ -8.6393433402386199e+02, 6.7434448755176106e+00,
            5.3977101851901807e+01 ]
    }
,    "_0159": {
        "type_id": "opencv-matrix",
        "rows": 3,
        "cols": 1,
        "dt": "d",
        "data": [ -8.6913617892698289e+02, -1.2117654975248513e+00,
            6.3563331305696465e+01 ]
    }
,    "_0160": {
        "type_id": "opencv-matrix",
        "rows": 3,
        "cols": 1,
        "dt": "d",
        "data": [ -8.6940981419741672e+02, 1.6231917501227542e+01,
            6.4481701453319602e+01 ]
    }
,    "_0161": {
        "type_id": "opencv-matrix",
        "rows": 3,
        "cols": 1,
        "dt": "d",
        "data": [ -8.5857230549356791e+02, 1.0475206601888786e+01,
            5.7240529884320040e+01 ]
    }
,    "_0162": {
        "type_id": "opencv-matrix",
        "rows": 3,
        "cols": 1,
        "dt": "d",
        "data": [ -8.5969741279744426e+02, 1.4713239617728505e+01,
            5.2582951657542708e+01 ]
    }
,    "_0163": {
        "type_id": "opencv-matrix",
        "rows": 3,
        "cols": 1,
        "dt": "d",
        "data": [ -8.4763731703768258e+02, 2.5509538701736354e+01,
            3.7668813562291234e+01 ]
    }
,    "_0164": {
        "type_id": "opencv-matrix",
        "rows": 3,
        "cols": 1,
        "dt": "d",
        "data": [ -8.6560817908344416e+02, 8.7677107317687444e+00,
            5.3831751926843936e+01 ]
    }
,    "_0165": {
        "type_id": "opencv-matrix",
        "rows": 3,
        "cols": 1,
        "dt": "d",
        "data": [ -8.7378047224460408e+02, 1.2773588688081361e+01,
            5.7179026104642617e+01 ]
    }
,    "_0166": {
        "type_id": "opencv-matrix",
        "rows": 3,
        "cols": 1,
        "dt": "d",
        "data": [ -8.6848874424887993e+02, 7.2718542205901713e+00,
            5.7023628061438103e+01 ]
    }
,    "_0167": {
        "type_id": "opencv-matrix",
        "rows": 3,
        "cols": 1,
        "dt": "d",
        "data": [ -8.6229261500048153e+02, 9.3432362103691560e+00,
            5.2383006062407730e+01 ]
    }
,    "_0168": {
        "type_id": "opencv-matrix",
        "rows": 3,
        "cols": 1,
        "dt": "d",
        "data": [ -8.6627834795788954e+02, 4.3426643673638239e+00,
            5.6803686072289565e+01 ]
    }
,    "_0169": {
        "type_id": "opencv-matrix",
        "rows": 3,
        "cols": 1,
        "dt": "d",
        "data": [ -8.6152755217516142e+02, 1.9651304568361752e+01,
            5.2562725758511988e+01 ]
    }
,    "_0170": {
        "type_id": "opencv-matrix",
        "rows": 3,
        "cols": 1,
        "dt": "d",
        "data": [ -8.6826625703453271e+02, 2.1419188328207170e+01,
            5.7899557143609400e+01 ]
    }
,    "_0171": {
        "type_id": "opencv-matrix",
        "rows": 3,
        "cols": 1,
        "dt": "d",
        "data": [ -8.6202441906446575e+02, 3.3058030698805226e+01,
            5.6382277308587618e+01 ]
    }
,    "_0172": {
        "type_id": "opencv-matrix",
        "rows": 3,
        "cols": 1,
        "dt": "d",
        "data": [ -8.5929702071135523e+02, 1.4585041728896357e+01,
            5.4483367617838667e+01 ]
    }
,    "_0173": {
        "type_id": "opencv-matrix",
        "rows": 3,
        "cols": 1,
        "dt": "d",
        "data": [ -8.6613645726210325e+02, 2.3177216778575769e+00,
            5.4191390923305789e+01 ]
    }
,    "_0174": {
        "type_id": "opencv-matrix",
        "rows": 3,
        "cols": 1,
        "dt": "d",
        "data": [ -8.6238257815041845e+02, 7.7288070835181770e+00,
            5.3278554132854424e+01 ]
    }
,    "_0175": {
        "type_id": "opencv-matrix",
        "rows": 3,
        "cols": 1,
        "dt": "d",
        "data": [ -8.6535311947159084e+02, 3.4233944325138538e+01,
            5.3786967816401102e+01 ]
    }
,    "_0176": {
        "type_id": "opencv-matrix",
        "rows": 3,
        "cols": 1,
        "dt": "d",
        "data": [ -8.6093631830317372e+02, 3.4853686924313081e+00,
            5.9854068059876226e+01 ]
    }
,    "_0177": {
        "type_id": "opencv-matrix",
        "rows": 3,
        "cols": 1,
        "dt": "d",
        "data": [ -8.6369014011848458e+02, 1.0400451743167736e+01,
            5.5294797948958603e+01 ]
    }
,    "_0178": {
        "type_id": "opencv-matrix",
        "rows": 3,
        "cols": 1,
        "dt": "d",
        "data": [ -8.6784749547127728e+02, 9.7938049100229136e+00,
            5.0458524680607752e+01 ]
    }
,    "_0179": {
        "type_id": "opencv-matrix",
        "rows": 3,
        "cols": 1,
        "dt": "d",
        "data": [ -8.6255575787922908e+02, 3.0795446485919626e+00,
            5.5802936028767817e+01 ]
    }
,    "_0180": {
        "type_id": "opencv-matrix",
        "rows": 3,
        "cols": 1,
        "dt": "d",
        "data": [ -8.5904942273190125e+02, 1.0539315217004400e+01,
            5.3171041870134104e+01 ]
    }
,    "_0181": {
        "type_id": "opencv-matrix",
        "rows": 3,
        "cols": 1,
        "dt": "d",
        "data": [ -8.6766419382202230e+02, 5.7424499459963556e+01,
            5.4363890154374076e+01 ]
    }
,    "_0182": {
        "type_id": "opencv-matrix",
        "rows": 3,
        "cols": 1,
        "dt": "d",
        "data": [ -8.6451656292046982e+02, 2.6186868162570022e+01,
            5.6282224518478870e+01 ]
    }
,    "_0183": {
        "type_id": "opencv-matrix",
        "rows": 3,
        "cols": 1,
        "dt": "d",
        "data": [ -8.7115384990930647e+02, 2.5547245927585806e+01,
            4.7890316712837375e+01 ]
    }
,    "_0184": {
        "type_id": "opencv-matrix",
        "rows": 3,
        "cols": 1,
        "dt": "d",
        "data": [ -8.6373621984902559e+02, 9.0010883489124751e+00,
            5.3905484023634472e+01 ]
    }
,    "_0185": {
        "type_id": "opencv-matrix",
        "rows": 3,
        "cols": 1,
        "dt": "d",
        "data": [ -8.6662705218989765e+02, 5.6720195676256537e+00,
            5.5996990880579688e+01 ]
    }
,    "_0186": {
        "type_id": "opencv-matrix",
        "rows": 3,
        "cols": 1,
        "dt": "d",
        "data": [ -8.6573340746232577e+02, 6.8055508128692281e+00,
            4.8943853695793678e+01 ]
    }
,    "_0187": {
        "type_id": "opencv-matrix",
        "rows": 3,
        "cols": 1,
        "dt": "d",
        "data": [ -8.6536946653709606e+02, 4.1690510616042218e+00,
            5.1170993607629953e+01 ]
    }
,    "_0188": {
        "type_id": "opencv-matrix",
        "rows": 3,
        "cols": 1,
        "dt": "d",
        "data": [ -8.6569514961973312e+02, 4.1950792327133115e+00,
            5.6957467987637756e+01 ]
    }
,    "_0189": {
        "type_id": "opencv-matrix",
        "rows": 3,
        "cols": 1,
        "dt": "d",
        "data": [ -8.6484003696982552e+02, 1.2698275770358748e+01,
            5.5553612771501776e+01 ]
    }
,    "_0190": {
        "type_id": "opencv-matrix",
        "rows": 3,
        "cols": 1,
        "dt": "d",
        "data": [ -8.5842050977474116e+02, 1.5183991633893015e+01,
            5.7069768617878708e+01 ]
    }
,    "_0191": {
        "type_id": "opencv-matrix",
        "rows": 3,
        "cols": 1,
        "dt": "d",
        "data": [ -8.5322185390255481e+02, 3.5054469453783810e+01,
            5.6361487551757364e+01 ]
    }
,    "_0192": {
        "type_id": "opencv-matrix",
        "rows": 3,
        "cols": 1,
        "dt": "d",
        "data": [ -8.5589255911284874e+02, 1.1196400335626635e+01,
            5.6069679915563484e+01 ]
    }
,    "_0193": {
        "type_id": "opencv-matrix",
        "rows": 3,
        "cols": 1,
        "dt": "d",
        "data": [ -8.6425476900976560e+02, -4.2951708043575820e+00,
            5.5380846737049069e+01 ]
    }
,    "_0194": {
        "type_id": "opencv-matrix",
        "rows": 3,
        "cols": 1,
        "dt": "d",
        "data": [ -8.6763446165848518e+02, -2.8084587455495580e-01,
            5.3729254929986837e+01 ]
    }
,    "_0195": {
        "type_id": "opencv-matrix",
        "rows": 3,
        "cols": 1,
        "dt": "d",
        "data": [ -8.6605756273379438e+02, 8.4657821939035784e+00,
            5.4668977967763112e+01 ]
    }
,    "_0196": {
        "type_id": "opencv-matrix",
        "rows": 3,
        "cols": 1,
        "dt": "d",
        "data": [ -8.6987354887630602e+02, 3.3295251276425688e+00,
            5.5020208947720675e+01 ]
    }
,    "_0197": {
        "type_id": "opencv-matrix",
        "rows": 3,
        "cols": 1,
        "dt": "d",
        "data": [ -8.6773499769238504e+02, 4.7210056959883957e+00,
            5.6477407980709813e+01 ]
    }
,    "_0198": {
        "type_id": "opencv-matrix",
        "rows": 3,
        "cols": 1,
        "dt": "d",
        "data": [ -8.6964881893335792e+02, 1.0831217679170777e+00,
            5.3476561675227913e+01 ]
    }
,    "_0199": {
        "type_id": "opencv-matrix",
        "rows": 3,
        "cols": 1,
        "dt": "d",
        "data": [ -8.6776457911784598e+02, 6.0049162059983701e+00,
            5.2695876279024560e+01 ]
    }
,    "_0200": {
        "type_id": "opencv-matrix",
        "rows": 3,
        "cols": 1,
        "dt": "d",
        "data": [ -8.6710080808928478e+02, 5.7765064815009453e+00,
            5.4538672901597693e+01 ]
    }
,    "_0201": {
        "type_id": "opencv-matrix",
        "rows": 3,
        "cols": 1,
        "dt": "d",
        "data": [ -8.6194344502365027e+02, 1.8776434541625804e+01,
            5.0787546519466559e+01 ]
    }
,    "_0202": {
        "type_id": "opencv-matrix",
        "rows": 3,
        "cols": 1,
        "dt": "d",
        "data": [ -8.6833222369778161e+02, 2.1033079880601576e+01,
            5.2379885712853138e+01 ]
    }
,    "_0203": {
        "type_id": "opencv-matrix",
        "rows": 3,
        "cols": 1,
        "dt": "d",
        "data": [ -8.5991416370101786e+02, 1.0099657293257565e+01,
            5.5027194740374853e+01 ]
    }
,    "_0204": {
        "type_id": "opencv-matrix",
        "rows": 3,
        "cols": 1,
        "dt": "d",
        "data": [ -8.6779330997909869e+02, 7.3821693769421870e+00,
            5.4490782724676592e+01 ]
    }
,    "_0205": {
        "type_id": "opencv-matrix",
        "rows": 3,
        "cols": 1,
        "dt": "d",
        "data": [ -8.6103140539642402e+02, 6.9091628673999423e+00,
            5.4654560505875907e+01 ]
    }
,    "_0206": {
        "type_id": "opencv-matrix",
        "rows": 3,
        "cols": 1,
        "dt": "d",
        "data": [ -8.6883437686152331e+02, 1.5302161039924869e+01,
            4.7818333616925429e+01 ]
    }
,    "_0207": {
        "type_id": "opencv-matrix",
        "rows": 3,
        "cols": 1,
        "dt": "d",
        "data": [ -8.6873208707416723e+02, 8.9304654951931468e+00,
            5.1771869984591831e+01 ]
    }
,    "_0208": {
        "type_id": "opencv-matrix",
        "rows": 3,
        "cols": 1,
        "dt": "d",
        "data": [ -8.6256661813542723e+02, 1.2571286865105151e+01,
            5.3180364680206367e+01 ]
    }
,    "_0209": {
        "type_id": "opencv-matrix",
        "rows": 3,
        "cols": 1,
        "dt": "d",
        "data": [ -8.5555725546581812e+02, 1.9463081735921406e+01,
            5.0838769305250025e+01 ]
    }
,    "_0210": {
        "type_id": "opencv-matrix",
        "rows": 3,
        "cols": 1,
        "dt": "d",
        "data": [ -8.5802438404446877e+02, 1.3692290084833900e+01,
            5.5953934512731848e+01 ]
    }
,    "_0211": {
        "type_id": "opencv-matrix",
        "rows": 3,
        "cols": 1,
        "dt": "d",
        "data": [ -8.6259482059290747e+02, 1.2483321831911425e+01,
            5.5600161868339910e+01 ]
    }
,    "_0212": {
        "type_id": "opencv-matrix",
        "rows": 3,
        "cols": 1,
        "dt": "d",
        "data": [ -8.6753925829261527e+02, 7.7829703229797076e+00,
            5.4837587854432968e+01 ]
    }
,    "_0213": {
        "type_id": "opencv-matrix",
        "rows": 3,
        "cols": 1,
        "dt": "d",
        "data": [ -8.6538823559897435e+02, 7.6061825266555445e+00,
            5.5937465744325891e+01 ]
    }
,    "_0214": {
        "type_id": "opencv-matrix",
        "rows": 3,
        "cols": 1,
        "dt": "d",
        "data": [ -8.5234009248356369e+02, -5.9192684756050795e+00,
            4.7731772530938088e+01 ]
    }
,    "_0215": {
        "type_id": "opencv-matrix",
        "rows": 3,
        "cols": 1,
        "dt": "d",
        "data": [ -8.6904565226428326e+02, 3.8354815912789206e+00,
            5.5657727053108829e+01 ]
    }
,    "_0216": {
        "type_id": "opencv-matrix",
        "rows": 3,
        "cols": 1,
        "dt": "d",
        "data": [ -8.6569599965291206e+02, 4.6594426875504666e+00,
            6.0004936166082643e+01 ]
    }
,    "_0217": {
        "type_id": "opencv-matrix",
        "rows": 3,
        "cols": 1,
        "dt": "d",
        "data": [ -8.6312886537332804e+02, 1.7346628812600756e+01,
            5.4075718927100752e+01 ]
    }
,    "_0218": {
        "type_id": "opencv-matrix",
        "rows": 3,
        "cols": 1,
        "dt": "d",
        "data": [ -8.6411642802319284e+02, 3.1364281673007980e+01,
            6.0293726013224841e+01 ]
    }
,    "_0219": {
        "type_id": "opencv-matrix",
        "rows": 3,
        "cols": 1,
        "dt": "d",
        "data": [ -8.6187854985888259e+02, 5.2143854087131842e+00,
            5.8335781009708171e+01 ]
    }
,    "_0220": {
        "type_id": "opencv-matrix",
        "rows": 3,
        "cols": 1,
        "dt": "d",
        "data": [ -8.6345150120056360e+02, 1.0413996355222537e+01,
            5.8041841509878850e+01 ]
    }
,    "_0221": {
        "type_id": "opencv-matrix",
        "rows": 3,
        "cols": 1,
        "dt": "d",
        "data": [ -8.6195636884690896e+02, 5.7378184441689370e+00,
            5.8727948025448768e+01 ]
    }
,    "_0222": {
        "type_id": "opencv-matrix",
        "rows": 3,
        "cols": 1,
        "dt": "d",
        "data": [ -8.6410198934439825e+02, -2.3695700815871135e+00,
            5.2807061688744398e+01 ]
    }
,    "_0223": {
        "type_id": "opencv-matrix",
        "rows": 3,
        "cols": 1,
        "dt": "d",
        "data": [ -8.6398511996542732e+02, -9.0110192254391563e-01,
            4.8668999236626860e+01 ]
    }
,    "_0224": {
        "type_id": "opencv-matrix",
        "rows": 3,
        "cols": 1,
        "dt": "d",
        "data": [ -8.5655440154189114e+02, 6.4378037626473485e+00,
            5.3992740264083295e+01 ]
    }
,    "_0225": {
        "type_id": "opencv-matrix",
        "rows": 3,
        "cols": 1,
        "dt": "d",
        "data": [ -8.7088234464836228e+02, 1.1206379643004851e+01,
            5.1518584019760056e+01 ]
    }
,    "_0226": {
        "type_id": "opencv-matrix",
        "rows": 3,
        "cols": 1,
        "dt": "d",
        "data": [ -8.5939337153648592e+02, 1.0857965327382090e+01,
            5.3192679517296710e+01 ]
    }
,    "_0227": {
        "type_id": "opencv-matrix",
        "rows": 3,
        "cols": 1,
        "dt": "d",
        "data": [ -8.6695395276931106e+02, 1.5628069851830560e+01,
            5.3658874784248837e+01 ]
    }
,    "_0228": {
        "type_id": "opencv-matrix",
        "rows": 3,
        "cols": 1,
        "dt": "d",
        "data": [ -8.6381799295871031e+02, 8.1561498536910335e+00,
            5.5506104035493536e+01 ]
    }
,    "_0229": {
        "type_id": "opencv-matrix",
        "rows": 3,
        "cols": 1,
        "dt": "d",
        "data": [ -8.6442821638291673e+02, 9.7328194831484893e-01,
            5.2404238918505598e+01 ]
    }
,    "_0230": {
        "type_id": "opencv-matrix",
        "rows": 3,
        "cols": 1,
        "dt": "d",
        "data": [ -8.6226497449582018e+02, 1.1529292714155446e+01,
            4.9653546077942337e+01 ]
    }
,    "_0231": {
        "type_id": "opencv-matrix",
        "rows": 3,
        "cols": 1,
        "dt": "d",
        "data": [ -8.7003029255653496e+02, 1.1829857606850538e+01,
            4.7345869185844094e+01 ]
    }
,    "_0232": {
        "type_id": "opencv-matrix",
        "rows": 3,
        "cols": 1,
        "dt": "d",
        "data": [ -8.6838487775699537e+02, 1.8636609158775144e+01,
            4.9937764186084223e+01 ]
    }
,    "_0233": {
        "type_id": "opencv-matrix",
        "rows": 3,
        "cols": 1,
        "dt": "d",
        "data": [ -8.6739029624518912e+02, 1.3285366429939018e+01,
            5.0197780773354225e+01 ]
    }
,    "_0234": {
        "type_id": "opencv-matrix",
        "rows": 3,
        "cols": 1,
        "dt": "d",
        "data": [ -8.7083039183281289e+02, 1.2548110209769021e+01,
            5.2653341752411961e+01 ]
    }
,    "_0235": {
        "type_id": "opencv-matrix",
        "rows": 3,
        "cols": 1,
        "dt": "d",
        "data": [ -8.6522356740632392e+02, 1.2958341076387967e+01,
            5.3217214436138875e+01 ]
    }
,    "_0236": {
        "type_id": "opencv-matrix",
        "rows": 3,
        "cols": 1,
        "dt": "d",
        "data": [ -8.6155705443471425e+02, 1.1262504926412333e+01,
            5.5109129953564661e+01 ]
    }
,    "_0237": {
        "type_id": "opencv-matrix",
        "rows": 3,
        "cols": 1,
        "dt": "d",
        "data": [ -8.6340060163023554e+02, 1.2938123293282246e+01,
            4.6665129758780040e+01 ]
    }
,    "_0238": {
        "type_id": "opencv-matrix",
        "rows": 3,
        "cols": 1,
        "dt": "d",
        "data": [ -8.6870809965227352e+02, 1.6773997195274461e+01,
            5.2002052068952707e+01 ]
    }
,    "_0239": {
        "type_id": "opencv-matrix",
        "rows": 3,
        "cols": 1,
        "dt": "d",
        "data": [ -8.6376923340095414e+02, 1.2972901161328053e+01,
            4.6594782619290072e+01 ]
    }
,    "_0240": {
        "type_id": "opencv-matrix",
        "rows": 3,
        "cols": 1,
        "dt": "d",
        "data": [ -8.6206973784510990e+02, 7.4193725610107606e+00,
            5.6035640833113121e+01 ]
    }
,    "_0241": {
        "type_id": "opencv-matrix",
        "rows": 3,
        "cols": 1,
        "dt": "d",
        "data": [ -8.5904117348951752e+02, 1.9251933445825188e+01,
            5.4239809102918116e+01 ]
    }
,    "_0242": {
        "type_id": "opencv-matrix",
        "rows": 3,
        "cols": 1,
        "dt": "d",
        "data": [ -8.6346618038546728e+02, 1.7551587846096325e+01,
            5.6645005281416161e+01 ]
    }
,    "_0243": {
        "type_id": "opencv-matrix",
        "rows": 3,
        "cols": 1,
        "dt": "d",
        "data": [ -8.6470283303418853e+02, -1.4185848186585730e+01,
            5.1501159109056516e+01 ]
    }
}
