{
    "_0000": {
        "type_id": "opencv-matrix",
        "rows": 3,
        "cols": 1,
        "dt": "d",
        "data": [ -8.6201206095834846e+02, 1.3448400791218685e+01,
            6.1109032900736295e+01 ]
    }
,    "_0001": {
        "type_id": "opencv-matrix",
        "rows": 3,
        "cols": 1,
        "dt": "d",
        "data": [ -8.5687253601470843e+02, -3.8860020362468100e+00,
            7.3773746441411788e+01 ]
    }
,    "_0000": {
        "type_id": "opencv-matrix",
        "rows": 3,
        "cols": 1,
        "dt": "d",
        "data": [ -8.6201206095834846e+02, 1.3448400791218685e+01,
            6.1109032900736295e+01 ]
    }
,    "_0001": {
        "type_id": "opencv-matrix",
        "rows": 3,
        "cols": 1,
        "dt": "d",
        "data": [ -8.5687253601470843e+02, -3.8860020362468100e+00,
            7.3773746441411788e+01 ]
    }
,    "_0002": {
        "type_id": "opencv-matrix",
        "rows": 3,
        "cols": 1,
        "dt": "d",
        "data": [ -8.5724881279696081e+02, -7.6273302926115401e+00,
            7.3545966598406721e+01 ]
    }
,    "_0003": {
        "type_id": "opencv-matrix",
        "rows": 3,
        "cols": 1,
        "dt": "d",
        "data": [ -8.6626307231931571e+02, -1.5454663664655572e+01,
            8.1575608920790515e+01 ]
    }
,    "_0004": {
        "type_id": "opencv-matrix",
        "rows": 3,
        "cols": 1,
        "dt": "d",
        "data": [ -8.6124972209413193e+02, -1.1976288456062322e+01,
            7.1203014977957096e+01 ]
    }
,    "_0005": {
        "type_id": "opencv-matrix",
        "rows": 3,
        "cols": 1,
        "dt": "d",
        "data": [ -8.9126316287488964e+02, -2.8197595135385463e+01,
            8.1456482391932212e+01 ]
    }
,    "_0006": {
        "type_id": "opencv-matrix",
        "rows": 3,
        "cols": 1,
        "dt": "d",
        "data": [ -8.8858245491656157e+02, -3.1427305045648961e+01,
            8.4429844845546626e+01 ]
    }
,    "_0007": {
        "type_id": "opencv-matrix",
        "rows": 3,
        "cols": 1,
        "dt": "d",
        "data": [ -8.5870960597073008e+02, -2.2734842762754997e+01,
            7.8596246192923445e+01 ]
    }
,    "_0008": {
        "type_id": "opencv-matrix",
        "rows": 3,
        "cols": 1,
        "dt": "d",
        "data": [ -8.7151571290602863e+02, -2.0948726966479594e+01,
            8.1815656927888710e+01 ]
    }
,    "_0009": {
        "type_id": "opencv-matrix",
        "rows": 3,
        "cols": 1,
        "dt": "d",
        "data": [ -8.8935404508284637e+02, -2.8760261544203058e+01,
            7.8805286375919167e+01 ]
    }
,    "_0010": {
        "type_id": "opencv-matrix",
        "rows": 3,
        "cols": 1,
        "dt": "d",
        "data": [ -8.6798078239053370e+02, -1.4720921386419159e+01,
            7.9912950702433875e+01 ]
    }
,    "_0011": {
        "type_id": "opencv-matrix",
        "rows": 3,
        "cols": 1,
        "dt": "d",
        "data": [ -8.8016750636515405e+02, -2.8281850460258607e+01,
            7.5558396938407128e+01 ]
    }
,    "_0012": {
        "type_id": "opencv-matrix",
        "rows": 3,
        "cols": 1,
        "dt": "d",
        "data": [ -8.5787485890760604e+02, -1.3234021869966817e+01,
            7.5331543681533319e+01 ]
    }
,    "_0013": {
        "type_id": "opencv-matrix",
        "rows": 3,
        "cols": 1,
        "dt": "d",
        "data": [ -8.6119936993845261e+02, -1.1528396965697826e+01,
            7.4259501692353837e+01 ]
    }
,    "_0014": {
        "type_id": "opencv-matrix",
        "rows": 3,
        "cols": 1,
        "dt": "d",
        "data": [ -8.6663060416584358e+02, -1.5330995155315197e+01,
            7.6535525101925458e+01 ]
    }
,    "_0015": {
        "type_id": "opencv-matrix",
        "rows": 3,
        "cols": 1,
        "dt": "d",
        "data": [ -8.6355871589902677e+02, -2.0895000274641628e+01,
            8.1546180308947172e+01 ]
    }
,    "_0016": {
        "type_id": "opencv-matrix",
        "rows": 3,
        "cols": 1,
        "dt": "d",
        "data": [ -8.5358634508171986e+02, -1.5163180868299783e+01,
            7.1622612579469845e+01 ]
    }
,    "_0017": {
        "type_id": "opencv-matrix",
        "rows": 3,
        "cols": 1,
        "dt": "d",
        "data": [ -8.6184980812914716e+02, -1.0678909519313390e+01,
            7.2689675733441376e+01 ]
    }
,    "_0018": {
        "type_id": "opencv-matrix",
        "rows": 3,
        "cols": 1,
        "dt": "d",
        "data": [ -8.7842452164059591e+02, -1.7924469197622056e+01,
            6.5752837172514504e+01 ]
    }
,    "_0019": {
        "type_id": "opencv-matrix",
        "rows": 3,
        "cols": 1,
        "dt": "d",
        "data": [ -8.5608867401943769e+02, -1.7652393507845524e+01,
            7.8918925262102874e+01 ]
    }
,    "_0020": {
        "type_id": "opencv-matrix",
        "rows": 3,
        "cols": 1,
        "dt": "d",
        "data": [ -8.8056951230603681e+02, -1.9197861590961608e+01,
            7.0764241533871200e+01 ]
    }
,    "_0021": {
        "type_id": "opencv-matrix",
        "rows": 3,
        "cols": 1,
        "dt": "d",
        "data": [ -8.8803147724949895e+02, -1.6791345183154260e+01,
            7.5570617281983047e+01 ]
    }
,    "_0022": {
        "type_id": "opencv-matrix",
        "rows": 3,
        "cols": 1,
        "dt": "d",
        "data": [ -8.7043687878667663e+02, -1.8714430326922155e+01,
            7.8645541940929775e+01 ]
    }
,    "_0023": {
        "type_id": "opencv-matrix",
        "rows": 3,
        "cols": 1,
        "dt": "d",
        "data": [ -8.7703823157311444e+02, -2.4746302338305185e+01,
            7.1356080268823661e+01 ]
    }
,    "_0024": {
        "type_id": "opencv-matrix",
        "rows": 3,
        "cols": 1,
        "dt": "d",
        "data": [ -8.6620562766318039e+02, -1.1935088700811310e+01,
            6.8554653916054590e+01 ]
    }
,    "_0025": {
        "type_id": "opencv-matrix",
        "rows": 3,
        "cols": 1,
        "dt": "d",
        "data": [ -8.7122928818361277e+02, -1.3475879165772067e+01,
            7.5233077882276689e+01 ]
    }
,    "_0026": {
        "type_id": "opencv-matrix",
        "rows": 3,
        "cols": 1,
        "dt": "d",
        "data": [ -8.6569309732049510e+02, -5.4073138045054954e+00,
            7.9533650774739399e+01 ]
    }
,    "_0027": {
        "type_id": "opencv-matrix",
        "rows": 3,
        "cols": 1,
        "dt": "d",
        "data": [ -8.7002032792377940e+02, -1.4824378288648179e+01,
            6.7311180998393752e+01 ]
    }
,    "_0028": {
        "type_id": "opencv-matrix",
        "rows": 3,
        "cols": 1,
        "dt": "d",
        "data": [ -8.6959684700710056e+02, -1.3614051389510363e+01,
            7.9147433856551757e+01 ]
    }
,    "_0029": {
        "type_id": "opencv-matrix",
        "rows": 3,
        "cols": 1,
        "dt": "d",
        "data": [ -8.6319211517209385e+02, -1.5102708397128108e+01,
            7.7007490125005688e+01 ]
    }
,    "_0030": {
        "type_id": "opencv-matrix",
        "rows": 3,
        "cols": 1,
        "dt": "d",
        "data": [ -8.7967188601096598e+02, -2.5771855823475757e+01,
            7.1929534379757001e+01 ]
    }
,    "_0031": {
        "type_id": "opencv-matrix",
        "rows": 3,
        "cols": 1,
        "dt": "d",
        "data": [ -8.6078425821612484e+02, -7.7435754394437029e-01,
            6.4381126786758500e+01 ]
    }
,    "_0032": {
        "type_id": "opencv-matrix",
        "rows": 3,
        "cols": 1,
        "dt": "d",
        "data": [ -8.8136645971579958e+02, -1.9006604979657020e+01,
            6.8343807100192905e+01 ]
    }
,    "_0033": {
        "type_id": "opencv-matrix",
        "rows": 3,
        "cols": 1,
        "dt": "d",
        "data": [ -8.5668556406429946e+02, -2.5580274432555168e+01,
            8.1025942600770350e+01 ]
    }
,    "_0034": {
        "type_id": "opencv-matrix",
        "rows": 3,
        "cols": 1,
        "dt": "d",
        "data": [ -8.6259682784125550e+02, 1.1686554117259780e+01,
            2.7824444904911950e+01 ]
    }
,    "_0035": {
        "type_id": "opencv-matrix",
        "rows": 3,
        "cols": 1,
        "dt": "d",
        "data": [ -8.9731822333343450e+02, -2.1282147227635747e+01,
            8.8039087122269663e+01 ]
    }
,    "_0036": {
        "type_id": "opencv-matrix",
        "rows": 3,
        "cols": 1,
        "dt": "d",
        "data": [ -8.5561654411810264e+02, -1.5886139367676117e+01,
            7.0833176002883690e+01 ]
    }
,    "_0037": {
        "type_id": "opencv-matrix",
        "rows": 3,
        "cols": 1,
        "dt": "d",
        "data": [ -8.8598970983177617e+02, -3.2785853092999460e+01,
            7.1893444573243912e+01 ]
    }
,    "_0038": {
        "type_id": "opencv-matrix",
        "rows": 3,
        "cols": 1,
        "dt": "d",
        "data": [ -8.6721084501086614e+02, -1.3178534639496620e+01,
            6.2344387475189770e+01 ]
    }
,    "_0039": {
        "type_id": "opencv-matrix",
        "rows": 3,
        "cols": 1,
        "dt": "d",
        "data": [ -8.6482047937179823e+02, -2.0249901526022331e+01,
            6.8994671571563828e+01 ]
    }
,    "_0040": {
        "type_id": "opencv-matrix",
        "rows": 3,
        "cols": 1,
        "dt": "d",
        "data": [ -8.7301467402100081e+02, -2.6299767075520229e+01,
            6.8038726138431343e+01 ]
    }
,    "_0041": {
        "type_id": "opencv-matrix",
        "rows": 3,
        "cols": 1,
        "dt": "d",
        "data": [ -8.8282361990590800e+02, -1.7246412763812106e+01,
            6.1708188084467324e+01 ]
    }
,    "_0042": {
        "type_id": "opencv-matrix",
        "rows": 3,
        "cols": 1,
        "dt": "d",
        "data": [ -8.6065897534386477e+02, -2.9004833751629178e+01,
            8.3272462208786479e+01 ]
    }
,    "_0043": {
        "type_id": "opencv-matrix",
        "rows": 3,
        "cols": 1,
        "dt": "d",
        "data": [ -8.7655421674523689e+02, -1.9523811590599248e+01,
            8.4009751118760818e+01 ]
    }
,    "_0044": {
        "type_id": "opencv-matrix",
        "rows": 3,
        "cols": 1,
        "dt": "d",
        "data": [ -8.6589187303640438e+02, -1.3277315768360879e+01,
            8.0287160341599431e+01 ]
    }
,    "_0045": {
        "type_id": "opencv-matrix",
        "rows": 3,
        "cols": 1,
        "dt": "d",
        "data": [ -8.6056914512025185e+02, -1.8350625974882334e+01,
            7.4434379985468695e+01 ]
    }
,    "_0046": {
        "type_id": "opencv-matrix",
        "rows": 3,
        "cols": 1,
        "dt": "d",
        "data": [ -8.8017249220922486e+02, -1.8054884280352862e+01,
            7.5769174016437177e+01 ]
    }
,    "_0047": {
        "type_id": "opencv-matrix",
        "rows": 3,
        "cols": 1,
        "dt": "d",
        "data": [ -8.7142380375974028e+02, -2.2440928208654348e+01,
            6.7558176214860239e+01 ]
    }
,    "_0048": {
        "type_id": "opencv-matrix",
        "rows": 3,
        "cols": 1,
        "dt": "d",
        "data": [ -8.6213474372548978e+02, -1.7369118212879755e+01,
            8.4190748151639326e+01 ]
    }
,    "_0049": {
        "type_id": "opencv-matrix",
        "rows": 3,
        "cols": 1,
        "dt": "d",
        "data": [ -8.6415788470929567e+02, -2.2746118055864255e+01,
            8.1963845507180451e+01 ]
    }
,    "_0050": {
        "type_id": "opencv-matrix",
        "rows": 3,
        "cols": 1,
        "dt": "d",
        "data": [ -8.5957581178155988e+02, -2.9407761081469364e+01,
            8.3733584655259236e+01 ]
    }
,    "_0051": {
        "type_id": "opencv-matrix",
        "rows": 3,
        "cols": 1,
        "dt": "d",
        "data": [ -8.6998962727057733e+02, -2.1207972950101190e+01,
            7.0754425682409291e+01 ]
    }
,    "_0052": {
        "type_id": "opencv-matrix",
        "rows": 3,
        "cols": 1,
        "dt": "d",
        "data": [ -8.7821888378815754e+02, -2.1022974275879925e+01,
            8.5878271397957121e+01 ]
    }
}
