{
    "_0000": {
        "type_id": "opencv-matrix",
        "rows": 3,
        "cols": 1,
        "dt": "d",
        "data": [ -8.7042364090828073e+02, 7.9167145806144674e+00,
            5.8441380640611096e+03 ]
    }
,    "_0001": {
        "type_id": "opencv-matrix",
        "rows": 3,
        "cols": 1,
        "dt": "d",
        "data": [ -8.6246875570585280e+02, 1.2283815439796030e+01,
            5.8712700783443761e+03 ]
    }
,    "_0002": {
        "type_id": "opencv-matrix",
        "rows": 3,
        "cols": 1,
        "dt": "d",
        "data": [ -8.6897753569521615e+02, 1.5932664350785643e+01,
            5.7873692941023146e+03 ]
    }
,    "_0003": {
        "type_id": "opencv-matrix",
        "rows": 3,
        "cols": 1,
        "dt": "d",
        "data": [ -8.7218489482716700e+02, 1.2601258646322464e+01,
            5.7704883060201964e+03 ]
    }
,    "_0004": {
        "type_id": "opencv-matrix",
        "rows": 3,
        "cols": 1,
        "dt": "d",
        "data": [ -8.5823770059316996e+02, 2.8127570792157712e+00,
            5.6821696223609033e+03 ]
    }
,    "_0005": {
        "type_id": "opencv-matrix",
        "rows": 3,
        "cols": 1,
        "dt": "d",
        "data": [ -8.5943191600168655e+02, 1.1764381483827663e+01,
            5.8220817993653591e+03 ]
    }
,    "_0006": {
        "type_id": "opencv-matrix",
        "rows": 3,
        "cols": 1,
        "dt": "d",
        "data": [ -8.6347768710419882e+02, 1.4909971536853959e+01,
            5.9295138014292070e+03 ]
    }
,    "_0007": {
        "type_id": "opencv-matrix",
        "rows": 3,
        "cols": 1,
        "dt": "d",
        "data": [ -8.7439724926544443e+02, 1.1878596669728097e+01,
            6.1122896509556685e+03 ]
    }
,    "_0008": {
        "type_id": "opencv-matrix",
        "rows": 3,
        "cols": 1,
        "dt": "d",
        "data": [ -8.7214578656333310e+02, 1.0773614545993922e+01,
            5.6200563527261784e+03 ]
    }
,    "_0009": {
        "type_id": "opencv-matrix",
        "rows": 3,
        "cols": 1,
        "dt": "d",
        "data": [ -8.6017737545926673e+02, 9.0545982697921374e+00,
            5.6413128530346476e+03 ]
    }
,    "_0010": {
        "type_id": "opencv-matrix",
        "rows": 3,
        "cols": 1,
        "dt": "d",
        "data": [ -8.6930765800866016e+02, 7.1131885918188402e+00,
            5.8212776655885609e+03 ]
    }
,    "_0011": {
        "type_id": "opencv-matrix",
        "rows": 3,
        "cols": 1,
        "dt": "d",
        "data": [ -8.6055691993130938e+02, 3.1396601830437021e+00,
            5.7965646068027399e+03 ]
    }
,    "_0012": {
        "type_id": "opencv-matrix",
        "rows": 3,
        "cols": 1,
        "dt": "d",
        "data": [ -8.6816132939737827e+02, 2.2621589162917587e+01,
            5.9452291808400232e+03 ]
    }
,    "_0013": {
        "type_id": "opencv-matrix",
        "rows": 3,
        "cols": 1,
        "dt": "d",
        "data": [ -8.6303637065821101e+02, 7.0769820017784184e+00,
            5.9613039437840098e+03 ]
    }
,    "_0014": {
        "type_id": "opencv-matrix",
        "rows": 3,
        "cols": 1,
        "dt": "d",
        "data": [ -8.6523639495459690e+02, 7.9030839792121981e+00,
            5.8513604879587547e+03 ]
    }
,    "_0015": {
        "type_id": "opencv-matrix",
        "rows": 3,
        "cols": 1,
        "dt": "d",
        "data": [ -8.6948899243556116e+02, 7.6520106853459708e+00,
            5.8591582865099363e+03 ]
    }
,    "_0016": {
        "type_id": "opencv-matrix",
        "rows": 3,
        "cols": 1,
        "dt": "d",
        "data": [ -8.6479650754309523e+02, 1.0651891178526711e+01,
            5.8335620188943612e+03 ]
    }
,    "_0017": {
        "type_id": "opencv-matrix",
        "rows": 3,
        "cols": 1,
        "dt": "d",
        "data": [ -8.6576427031503681e+02, 1.2613647785642399e+01,
            5.8766247973335812e+03 ]
    }
,    "_0018": {
        "type_id": "opencv-matrix",
        "rows": 3,
        "cols": 1,
        "dt": "d",
        "data": [ -8.5930802010922525e+02, 7.1434963585381581e+00,
            5.8147882874094212e+03 ]
    }
,    "_0019": {
        "type_id": "opencv-matrix",
        "rows": 3,
        "cols": 1,
        "dt": "d",
        "data": [ -8.6759140818207800e+02, 1.1857674184172083e+01,
            5.8582067850309086e+03 ]
    }
,    "_0020": {
        "type_id": "opencv-matrix",
        "rows": 3,
        "cols": 1,
        "dt": "d",
        "data": [ -8.5874574903819416e+02, 7.8593415666672684e+00,
            5.7203018470952175e+03 ]
    }
,    "_0021": {
        "type_id": "opencv-matrix",
        "rows": 3,
        "cols": 1,
        "dt": "d",
        "data": [ -8.6198242796516638e+02, 1.0919019966663186e+01,
            5.6539538062138718e+03 ]
    }
,    "_0022": {
        "type_id": "opencv-matrix",
        "rows": 3,
        "cols": 1,
        "dt": "d",
        "data": [ -8.6826074366138573e+02, 7.8926870536367488e+00,
            5.6774365874221166e+03 ]
    }
,    "_0023": {
        "type_id": "opencv-matrix",
        "rows": 3,
        "cols": 1,
        "dt": "d",
        "data": [ -8.6108878292180862e+02, 9.9682429873002150e+00,
            5.8170150291086684e+03 ]
    }
,    "_0024": {
        "type_id": "opencv-matrix",
        "rows": 3,
        "cols": 1,
        "dt": "d",
        "data": [ -8.7312326539803757e+02, 1.6136185979537458e+01,
            5.3861477748230627e+03 ]
    }
,    "_0025": {
        "type_id": "opencv-matrix",
        "rows": 3,
        "cols": 1,
        "dt": "d",
        "data": [ -8.6090905620080628e+02, 2.0267511089609641e+01,
            5.7185353306752422e+03 ]
    }
,    "_0026": {
        "type_id": "opencv-matrix",
        "rows": 3,
        "cols": 1,
        "dt": "d",
        "data": [ -8.6444686344544198e+02, 1.7400219893600678e+01,
            5.2513620139645391e+03 ]
    }
,    "_0027": {
        "type_id": "opencv-matrix",
        "rows": 3,
        "cols": 1,
        "dt": "d",
        "data": [ -8.8742752715106724e+02, 2.4142442599681402e+01,
            5.4754227746114602e+03 ]
    }
,    "_0028": {
        "type_id": "opencv-matrix",
        "rows": 3,
        "cols": 1,
        "dt": "d",
        "data": [ -8.6940926305197263e+02, 9.3563396525557607e+00,
            5.6086988882566857e+03 ]
    }
,    "_0029": {
        "type_id": "opencv-matrix",
        "rows": 3,
        "cols": 1,
        "dt": "d",
        "data": [ -8.7053139537828315e+02, 5.9871703429816137e+00,
            5.7335925948821814e+03 ]
    }
,    "_0030": {
        "type_id": "opencv-matrix",
        "rows": 3,
        "cols": 1,
        "dt": "d",
        "data": [ -8.6234736174455998e+02, 1.7929809754253810e+01,
            5.4566744410402989e+03 ]
    }
,    "_0031": {
        "type_id": "opencv-matrix",
        "rows": 3,
        "cols": 1,
        "dt": "d",
        "data": [ -8.8465426183975433e+02, 1.1601865722078060e+01,
            5.7873464532631333e+03 ]
    }
,    "_0032": {
        "type_id": "opencv-matrix",
        "rows": 3,
        "cols": 1,
        "dt": "d",
        "data": [ -8.6031851106585657e+02, 6.5777929966988324e+00,
            5.5415520738401610e+03 ]
    }
,    "_0033": {
        "type_id": "opencv-matrix",
        "rows": 3,
        "cols": 1,
        "dt": "d",
        "data": [ -8.7312058913553096e+02, 1.0564584183109048e+01,
            6.0212185506590595e+03 ]
    }
,    "_0034": {
        "type_id": "opencv-matrix",
        "rows": 3,
        "cols": 1,
        "dt": "d",
        "data": [ -8.4890405809967012e+02, 1.3194323107290742e+01,
            5.3905825179942603e+03 ]
    }
,    "_0035": {
        "type_id": "opencv-matrix",
        "rows": 3,
        "cols": 1,
        "dt": "d",
        "data": [ -8.6636645923860885e+02, 1.7458235191151104e+01,
            6.0193982762982987e+03 ]
    }
,    "_0036": {
        "type_id": "opencv-matrix",
        "rows": 3,
        "cols": 1,
        "dt": "d",
        "data": [ -8.7036329694450149e+02, 5.5769828383658933e+00,
            5.8782427480467977e+03 ]
    }
,    "_0037": {
        "type_id": "opencv-matrix",
        "rows": 3,
        "cols": 1,
        "dt": "d",
        "data": [ -8.5411117185270541e+02, 2.5570342374298832e+01,
            5.3990178327336462e+03 ]
    }
,    "_0038": {
        "type_id": "opencv-matrix",
        "rows": 3,
        "cols": 1,
        "dt": "d",
        "data": [ -8.7142875550489123e+02, 9.5234491591006361e+00,
            5.5634086178633670e+03 ]
    }
,    "_0039": {
        "type_id": "opencv-matrix",
        "rows": 3,
        "cols": 1,
        "dt": "d",
        "data": [ -8.6313704261653527e+02, 6.5278970406632553e+00,
            5.4328132314466411e+03 ]
    }
,    "_0040": {
        "type_id": "opencv-matrix",
        "rows": 3,
        "cols": 1,
        "dt": "d",
        "data": [ -8.6384135733046992e+02, 2.8411113304862454e+01,
            5.4443950075476960e+03 ]
    }
,    "_0041": {
        "type_id": "opencv-matrix",
        "rows": 3,
        "cols": 1,
        "dt": "d",
        "data": [ -8.5804086982935928e+02, 2.4976210458445081e+01,
            5.3571998458803973e+03 ]
    }
,    "_0042": {
        "type_id": "opencv-matrix",
        "rows": 3,
        "cols": 1,
        "dt": "d",
        "data": [ -8.6067707298234677e+02, 1.6638901283580452e+01,
            5.7199283466596453e+03 ]
    }
,    "_0043": {
        "type_id": "opencv-matrix",
        "rows": 3,
        "cols": 1,
        "dt": "d",
        "data": [ -8.7240971131417245e+02, 8.6845925557697825e+00,
            5.9139639174433523e+03 ]
    }
,    "_0044": {
        "type_id": "opencv-matrix",
        "rows": 3,
        "cols": 1,
        "dt": "d",
        "data": [ -8.6935128382751918e+02, 4.3470381166327741e+00,
            5.6612525870243508e+03 ]
    }
,    "_0045": {
        "type_id": "opencv-matrix",
        "rows": 3,
        "cols": 1,
        "dt": "d",
        "data": [ -8.6205299575626395e+02, 6.2907582770183126e+00,
            6.0112593901143846e+03 ]
    }
,    "_0046": {
        "type_id": "opencv-matrix",
        "rows": 3,
        "cols": 1,
        "dt": "d",
        "data": [ -8.5637585981795291e+02, 5.7890378009826975e+00,
            5.9237672577390776e+03 ]
    }
,    "_0047": {
        "type_id": "opencv-matrix",
        "rows": 3,
        "cols": 1,
        "dt": "d",
        "data": [ -8.5850506397167544e+02, 2.2301425074512139e+01,
            6.0434894379374582e+03 ]
    }
,    "_0048": {
        "type_id": "opencv-matrix",
        "rows": 3,
        "cols": 1,
        "dt": "d",
        "data": [ -8.6165721938348793e+02, 2.9864458707614006e+00,
            6.1580012546817052e+03 ]
    }
,    "_0049": {
        "type_id": "opencv-matrix",
        "rows": 3,
        "cols": 1,
        "dt": "d",
        "data": [ -8.7214771864400393e+02, 8.5331547950847835e+00,
            5.9631567852668813e+03 ]
    }
,    "_0050": {
        "type_id": "opencv-matrix",
        "rows": 3,
        "cols": 1,
        "dt": "d",
        "data": [ -8.6395495975425797e+02, 7.6557887894972794e+00,
            6.1005686729844983e+03 ]
    }
,    "_0051": {
        "type_id": "opencv-matrix",
        "rows": 3,
        "cols": 1,
        "dt": "d",
        "data": [ -8.5410543430624443e+02, 1.2708377544720349e+01,
            6.2059323523034072e+03 ]
    }
,    "_0052": {
        "type_id": "opencv-matrix",
        "rows": 3,
        "cols": 1,
        "dt": "d",
        "data": [ -8.6911945215428091e+02, 1.1298773011184878e+01,
            5.8060021702401737e+03 ]
    }
,    "_0053": {
        "type_id": "opencv-matrix",
        "rows": 3,
        "cols": 1,
        "dt": "d",
        "data": [ -8.6143044147150340e+02, 2.2290488144988956e+00,
            5.9559071882969374e+03 ]
    }
,    "_0054": {
        "type_id": "opencv-matrix",
        "rows": 3,
        "cols": 1,
        "dt": "d",
        "data": [ -8.7238440353188639e+02, 3.0872870726259976e+01,
            6.0992227296875717e+03 ]
    }
,    "_0055": {
        "type_id": "opencv-matrix",
        "rows": 3,
        "cols": 1,
        "dt": "d",
        "data": [ -8.7633803986735029e+02, 9.9765174258241984e+00,
            5.7417548085154749e+03 ]
    }
,    "_0056": {
        "type_id": "opencv-matrix",
        "rows": 3,
        "cols": 1,
        "dt": "d",
        "data": [ -8.6088431966472115e+02, 1.0267335374835397e+01,
            5.7435508625807306e+03 ]
    }
,    "_0057": {
        "type_id": "opencv-matrix",
        "rows": 3,
        "cols": 1,
        "dt": "d",
        "data": [ -8.6953885164896883e+02, 1.1973219878878922e+01,
            5.9058241764925497e+03 ]
    }
,    "_0058": {
        "type_id": "opencv-matrix",
        "rows": 3,
        "cols": 1,
        "dt": "d",
        "data": [ -8.7461997331443547e+02, 1.0953437813266532e+01,
            5.7517375683901373e+03 ]
    }
,    "_0059": {
        "type_id": "opencv-matrix",
        "rows": 3,
        "cols": 1,
        "dt": "d",
        "data": [ -8.6276858484482102e+02, 1.7759134196994125e+01,
            5.7725451480975435e+03 ]
    }
,    "_0060": {
        "type_id": "opencv-matrix",
        "rows": 3,
        "cols": 1,
        "dt": "d",
        "data": [ -8.6216368515133195e+02, 6.5385696033014824e+00,
            5.9237362749702788e+03 ]
    }
,    "_0061": {
        "type_id": "opencv-matrix",
        "rows": 3,
        "cols": 1,
        "dt": "d",
        "data": [ -8.6209617507056396e+02, 8.1914381723893825e+00,
            5.8116193588947463e+03 ]
    }
,    "_0062": {
        "type_id": "opencv-matrix",
        "rows": 3,
        "cols": 1,
        "dt": "d",
        "data": [ -8.5370664894508434e+02, -9.8048735720500417e+00,
            5.8536473917409112e+03 ]
    }
,    "_0063": {
        "type_id": "opencv-matrix",
        "rows": 3,
        "cols": 1,
        "dt": "d",
        "data": [ -8.5700629043727713e+02, -6.7790830164345834e+00,
            5.8339388452276125e+03 ]
    }
,    "_0064": {
        "type_id": "opencv-matrix",
        "rows": 3,
        "cols": 1,
        "dt": "d",
        "data": [ -8.5088798617594784e+02, 6.9650956576066392e-01,
            5.8880395478144783e+03 ]
    }
,    "_0065": {
        "type_id": "opencv-matrix",
        "rows": 3,
        "cols": 1,
        "dt": "d",
        "data": [ -8.6737032917098850e+02, 2.7430894742497571e+00,
            5.8299942435677767e+03 ]
    }
,    "_0066": {
        "type_id": "opencv-matrix",
        "rows": 3,
        "cols": 1,
        "dt": "d",
        "data": [ -8.5494484247605089e+02, 2.4406654932045285e+01,
            6.0728603467678277e+03 ]
    }
,    "_0067": {
        "type_id": "opencv-matrix",
        "rows": 3,
        "cols": 1,
        "dt": "d",
        "data": [ -8.6720887295839964e+02, 2.3481670888844178e+01,
            5.9811828154250343e+03 ]
    }
,    "_0068": {
        "type_id": "opencv-matrix",
        "rows": 3,
        "cols": 1,
        "dt": "d",
        "data": [ -8.5534618554811527e+02, 1.4419022396619425e+01,
            6.1367309113024239e+03 ]
    }
,    "_0069": {
        "type_id": "opencv-matrix",
        "rows": 3,
        "cols": 1,
        "dt": "d",
        "data": [ -8.5190884209631236e+02, 1.1160767390604178e+01,
            5.8947850339801789e+03 ]
    }
,    "_0070": {
        "type_id": "opencv-matrix",
        "rows": 3,
        "cols": 1,
        "dt": "d",
        "data": [ -8.5457102679133209e+02, 6.0708486091550640e+00,
            6.1116213391346419e+03 ]
    }
,    "_0071": {
        "type_id": "opencv-matrix",
        "rows": 3,
        "cols": 1,
        "dt": "d",
        "data": [ -8.5170060906494757e+02, -3.7123137492368983e+00,
            6.1983999275543138e+03 ]
    }
,    "_0072": {
        "type_id": "opencv-matrix",
        "rows": 3,
        "cols": 1,
        "dt": "d",
        "data": [ -8.6202464919192710e+02, -3.2410080599976538e+00,
            6.0827893376385919e+03 ]
    }
,    "_0073": {
        "type_id": "opencv-matrix",
        "rows": 3,
        "cols": 1,
        "dt": "d",
        "data": [ -8.5518347468913066e+02, 6.6698523623343533e+00,
            5.9377743524583129e+03 ]
    }
,    "_0074": {
        "type_id": "opencv-matrix",
        "rows": 3,
        "cols": 1,
        "dt": "d",
        "data": [ -8.7863840164021030e+02, 3.9879635119968839e+01,
            6.1813641500318718e+03 ]
    }
,    "_0075": {
        "type_id": "opencv-matrix",
        "rows": 3,
        "cols": 1,
        "dt": "d",
        "data": [ -8.5712757122130233e+02, 1.3099210153212482e+01,
            5.9716466886819853e+03 ]
    }
,    "_0076": {
        "type_id": "opencv-matrix",
        "rows": 3,
        "cols": 1,
        "dt": "d",
        "data": [ -8.6274744214644738e+02, 1.1627193188619430e+01,
            5.7662424642327687e+03 ]
    }
,    "_0077": {
        "type_id": "opencv-matrix",
        "rows": 3,
        "cols": 1,
        "dt": "d",
        "data": [ -8.6547331355197753e+02, 3.8555195464947019e+01,
            6.1090877548678982e+03 ]
    }
,    "_0078": {
        "type_id": "opencv-matrix",
        "rows": 3,
        "cols": 1,
        "dt": "d",
        "data": [ -8.7678479630273137e+02, 1.8219019031455161e+00,
            5.8348216938249598e+03 ]
    }
,    "_0079": {
        "type_id": "opencv-matrix",
        "rows": 3,
        "cols": 1,
        "dt": "d",
        "data": [ -8.5889613473679674e+02, 2.1672626841768192e+00,
            5.8208108644683671e+03 ]
    }
,    "_0080": {
        "type_id": "opencv-matrix",
        "rows": 3,
        "cols": 1,
        "dt": "d",
        "data": [ -8.5980554963679697e+02, 2.5043580943590200e+00,
            5.7618633177519823e+03 ]
    }
,    "_0081": {
        "type_id": "opencv-matrix",
        "rows": 3,
        "cols": 1,
        "dt": "d",
        "data": [ -8.6271631652434098e+02, 1.1994326336002189e+01,
            6.1488933779534873e+03 ]
    }
,    "_0082": {
        "type_id": "opencv-matrix",
        "rows": 3,
        "cols": 1,
        "dt": "d",
        "data": [ -8.3728528616645394e+02, 8.9266707595645869e+00,
            5.6353564279387920e+03 ]
    }
,    "_0083": {
        "type_id": "opencv-matrix",
        "rows": 3,
        "cols": 1,
        "dt": "d",
        "data": [ -8.6471354562499243e+02, -2.6831332982768856e+00,
            5.8258025016320962e+03 ]
    }
,    "_0084": {
        "type_id": "opencv-matrix",
        "rows": 3,
        "cols": 1,
        "dt": "d",
        "data": [ -8.6674887482634676e+02, 3.6107515796885536e-02,
            5.8676278870062424e+03 ]
    }
,    "_0085": {
        "type_id": "opencv-matrix",
        "rows": 3,
        "cols": 1,
        "dt": "d",
        "data": [ -8.6607033293323445e+02, 1.1079267888163713e+00,
            5.8720055417830918e+03 ]
    }
,    "_0086": {
        "type_id": "opencv-matrix",
        "rows": 3,
        "cols": 1,
        "dt": "d",
        "data": [ -8.6330002039296744e+02, 8.1729876422446921e+00,
            5.9665581080979009e+03 ]
    }
,    "_0087": {
        "type_id": "opencv-matrix",
        "rows": 3,
        "cols": 1,
        "dt": "d",
        "data": [ -8.6263053385789476e+02, 8.3083906329381421e+00,
            6.0672133981444449e+03 ]
    }
,    "_0088": {
        "type_id": "opencv-matrix",
        "rows": 3,
        "cols": 1,
        "dt": "d",
        "data": [ -8.6238332113378635e+02, 5.2726531305395099e+00,
            5.9257697545287501e+03 ]
    }
,    "_0089": {
        "type_id": "opencv-matrix",
        "rows": 3,
        "cols": 1,
        "dt": "d",
        "data": [ -8.5930078319856625e+02, 8.1342972104570777e+00,
            6.0293250812929755e+03 ]
    }
,    "_0090": {
        "type_id": "opencv-matrix",
        "rows": 3,
        "cols": 1,
        "dt": "d",
        "data": [ -8.6643233052610515e+02, 5.4525467416934248e+00,
            5.5107230303968108e+03 ]
    }
,    "_0091": {
        "type_id": "opencv-matrix",
        "rows": 3,
        "cols": 1,
        "dt": "d",
        "data": [ -8.6225082549045089e+02, 5.6990645299133291e+00,
            5.9130129532957017e+03 ]
    }
,    "_0092": {
        "type_id": "opencv-matrix",
        "rows": 3,
        "cols": 1,
        "dt": "d",
        "data": [ -8.6236436523342695e+02, 7.7754110738273994e+00,
            5.5000133802856544e+03 ]
    }
,    "_0093": {
        "type_id": "opencv-matrix",
        "rows": 3,
        "cols": 1,
        "dt": "d",
        "data": [ -8.5676507118912218e+02, 1.6046152529880260e+00,
            5.4209544433256542e+03 ]
    }
,    "_0094": {
        "type_id": "opencv-matrix",
        "rows": 3,
        "cols": 1,
        "dt": "d",
        "data": [ -8.5662678182288289e+02, 9.1297772371123642e+00,
            5.6497734453310250e+03 ]
    }
,    "_0095": {
        "type_id": "opencv-matrix",
        "rows": 3,
        "cols": 1,
        "dt": "d",
        "data": [ -8.6334893584741098e+02, 3.1606354543960720e+00,
            5.8044848307610901e+03 ]
    }
,    "_0096": {
        "type_id": "opencv-matrix",
        "rows": 3,
        "cols": 1,
        "dt": "d",
        "data": [ -8.6069496682604245e+02, 9.3259147500745883e+00,
            5.7714688086210790e+03 ]
    }
,    "_0097": {
        "type_id": "opencv-matrix",
        "rows": 3,
        "cols": 1,
        "dt": "d",
        "data": [ -8.5898551143641350e+02, 5.2162544736007703e+00,
            5.8389658072335478e+03 ]
    }
,    "_0098": {
        "type_id": "opencv-matrix",
        "rows": 3,
        "cols": 1,
        "dt": "d",
        "data": [ -8.8412204938521882e+02, 1.3446632769705104e+01,
            5.7629152377361679e+03 ]
    }
,    "_0099": {
        "type_id": "opencv-matrix",
        "rows": 3,
        "cols": 1,
        "dt": "d",
        "data": [ -8.7400762196125891e+02, 2.3925170275634059e+01,
            5.9749297382424502e+03 ]
    }
,    "_0100": {
        "type_id": "opencv-matrix",
        "rows": 3,
        "cols": 1,
        "dt": "d",
        "data": [ -8.5884299099886152e+02, 4.7899950323783003e+00,
            5.8066330100475216e+03 ]
    }
,    "_0101": {
        "type_id": "opencv-matrix",
        "rows": 3,
        "cols": 1,
        "dt": "d",
        "data": [ -8.6365623485450431e+02, 2.4017477677467809e+01,
            5.8066754415932091e+03 ]
    }
,    "_0102": {
        "type_id": "opencv-matrix",
        "rows": 3,
        "cols": 1,
        "dt": "d",
        "data": [ -8.5870937140561091e+02, 1.9608040828741480e+00,
            5.8320320011110507e+03 ]
    }
,    "_0103": {
        "type_id": "opencv-matrix",
        "rows": 3,
        "cols": 1,
        "dt": "d",
        "data": [ -8.6348267479464948e+02, 1.2299380885433720e+01,
            5.8806489395562458e+03 ]
    }
,    "_0104": {
        "type_id": "opencv-matrix",
        "rows": 3,
        "cols": 1,
        "dt": "d",
        "data": [ -8.6472241407793786e+02, 1.0794163424733966e+01,
            6.0240731217868533e+03 ]
    }
,    "_0105": {
        "type_id": "opencv-matrix",
        "rows": 3,
        "cols": 1,
        "dt": "d",
        "data": [ -8.6967874687931032e+02, 4.7191744599991239e+00,
            5.8678033164787239e+03 ]
    }
,    "_0106": {
        "type_id": "opencv-matrix",
        "rows": 3,
        "cols": 1,
        "dt": "d",
        "data": [ -8.7156281484307465e+02, 3.7566095002439113e+00,
            5.8285746695426933e+03 ]
    }
,    "_0107": {
        "type_id": "opencv-matrix",
        "rows": 3,
        "cols": 1,
        "dt": "d",
        "data": [ -8.6111812138843732e+02, 7.7312880080314699e+00,
            5.6150720764461139e+03 ]
    }
,    "_0108": {
        "type_id": "opencv-matrix",
        "rows": 3,
        "cols": 1,
        "dt": "d",
        "data": [ -8.5755065335957693e+02, 1.0920059097778477e+01,
            5.4759291783566441e+03 ]
    }
,    "_0109": {
        "type_id": "opencv-matrix",
        "rows": 3,
        "cols": 1,
        "dt": "d",
        "data": [ -8.6672679618290726e+02, 8.4148139376719087e+00,
            5.7339614336975865e+03 ]
    }
,    "_0110": {
        "type_id": "opencv-matrix",
        "rows": 3,
        "cols": 1,
        "dt": "d",
        "data": [ -8.5727234452626192e+02, 1.2921748205612630e+01,
            6.1218675002062027e+03 ]
    }
,    "_0111": {
        "type_id": "opencv-matrix",
        "rows": 3,
        "cols": 1,
        "dt": "d",
        "data": [ -8.5771961315934220e+02, 9.6600226274361489e+00,
            5.7584631864165258e+03 ]
    }
,    "_0112": {
        "type_id": "opencv-matrix",
        "rows": 3,
        "cols": 1,
        "dt": "d",
        "data": [ -8.6642263049776341e+02, 9.3236315797138474e+00,
            5.5684768037613330e+03 ]
    }
,    "_0113": {
        "type_id": "opencv-matrix",
        "rows": 3,
        "cols": 1,
        "dt": "d",
        "data": [ -8.6582339174981428e+02, 1.0595145960908809e+01,
            5.6066590599564770e+03 ]
    }
,    "_0114": {
        "type_id": "opencv-matrix",
        "rows": 3,
        "cols": 1,
        "dt": "d",
        "data": [ -8.7596810277578857e+02, 1.5416616435150701e+01,
            5.7721843901415486e+03 ]
    }
,    "_0115": {
        "type_id": "opencv-matrix",
        "rows": 3,
        "cols": 1,
        "dt": "d",
        "data": [ -8.5982738083836455e+02, 1.2784240307510316e+01,
            5.7653860499575585e+03 ]
    }
,    "_0116": {
        "type_id": "opencv-matrix",
        "rows": 3,
        "cols": 1,
        "dt": "d",
        "data": [ -8.6380472523111223e+02, 1.1622604238667634e+01,
            5.7086350585653472e+03 ]
    }
,    "_0117": {
        "type_id": "opencv-matrix",
        "rows": 3,
        "cols": 1,
        "dt": "d",
        "data": [ -8.6331648445984979e+02, 9.2695513405169550e+00,
            5.7367185042103611e+03 ]
    }
,    "_0118": {
        "type_id": "opencv-matrix",
        "rows": 3,
        "cols": 1,
        "dt": "d",
        "data": [ -8.6385291615221138e+02, 2.1440799531764185e+01,
            5.6431533352117949e+03 ]
    }
,    "_0119": {
        "type_id": "opencv-matrix",
        "rows": 3,
        "cols": 1,
        "dt": "d",
        "data": [ -8.6704499776719615e+02, 1.3175961018626282e+01,
            5.5800613407653200e+03 ]
    }
,    "_0120": {
        "type_id": "opencv-matrix",
        "rows": 3,
        "cols": 1,
        "dt": "d",
        "data": [ -8.6050627835450734e+02, 2.1103915703573648e+01,
            5.8645027750233367e+03 ]
    }
,    "_0121": {
        "type_id": "opencv-matrix",
        "rows": 3,
        "cols": 1,
        "dt": "d",
        "data": [ -8.6160529361517069e+02, 1.0900460208697766e+01,
            5.5198582291003277e+03 ]
    }
,    "_0122": {
        "type_id": "opencv-matrix",
        "rows": 3,
        "cols": 1,
        "dt": "d",
        "data": [ -8.6533585144920335e+02, 7.1896285005319385e+00,
            5.8687494884522439e+03 ]
    }
,    "_0123": {
        "type_id": "opencv-matrix",
        "rows": 3,
        "cols": 1,
        "dt": "d",
        "data": [ -8.6070092131271144e+02, 1.1005334681175867e+01,
            5.5119711454449771e+03 ]
    }
,    "_0124": {
        "type_id": "opencv-matrix",
        "rows": 3,
        "cols": 1,
        "dt": "d",
        "data": [ -8.6080667372257915e+02, 1.8883435227763755e+01,
            6.0164013084867547e+03 ]
    }
,    "_0125": {
        "type_id": "opencv-matrix",
        "rows": 3,
        "cols": 1,
        "dt": "d",
        "data": [ -8.6371375647063667e+02, 9.6987792408639564e+00,
            5.8186435001875780e+03 ]
    }
,    "_0126": {
        "type_id": "opencv-matrix",
        "rows": 3,
        "cols": 1,
        "dt": "d",
        "data": [ -8.6135995906798098e+02, 7.1836420437005017e+00,
            5.6528921144082869e+03 ]
    }
,    "_0127": {
        "type_id": "opencv-matrix",
        "rows": 3,
        "cols": 1,
        "dt": "d",
        "data": [ -8.6332978057821492e+02, 9.6211918398353760e+00,
            5.9225888343632159e+03 ]
    }
,    "_0128": {
        "type_id": "opencv-matrix",
        "rows": 3,
        "cols": 1,
        "dt": "d",
        "data": [ -8.6792780014190100e+02, 4.9974985495438773e+00,
            5.7954917788795374e+03 ]
    }
,    "_0129": {
        "type_id": "opencv-matrix",
        "rows": 3,
        "cols": 1,
        "dt": "d",
        "data": [ -8.5874828087106823e+02, -2.2451515503285719e+01,
            5.9497269056705845e+03 ]
    }
,    "_0130": {
        "type_id": "opencv-matrix",
        "rows": 3,
        "cols": 1,
        "dt": "d",
        "data": [ -8.6105446776980261e+02, -1.1751382550091392e+01,
            6.0280045531266460e+03 ]
    }
,    "_0131": {
        "type_id": "opencv-matrix",
        "rows": 3,
        "cols": 1,
        "dt": "d",
        "data": [ -8.7047726716813531e+02, 8.9839095881619073e+00,
            5.6813214651783292e+03 ]
    }
,    "_0132": {
        "type_id": "opencv-matrix",
        "rows": 3,
        "cols": 1,
        "dt": "d",
        "data": [ -8.5470599157249330e+02, -1.3242258589208717e+01,
            5.9780890034161839e+03 ]
    }
,    "_0133": {
        "type_id": "opencv-matrix",
        "rows": 3,
        "cols": 1,
        "dt": "d",
        "data": [ -8.5625780573077725e+02, 1.4769723940937439e+01,
            5.7750168357517769e+03 ]
    }
,    "_0134": {
        "type_id": "opencv-matrix",
        "rows": 3,
        "cols": 1,
        "dt": "d",
        "data": [ -8.6883199759708214e+02, 3.9427222500461312e+00,
            5.9171656035447768e+03 ]
    }
,    "_0135": {
        "type_id": "opencv-matrix",
        "rows": 3,
        "cols": 1,
        "dt": "d",
        "data": [ -8.5652445842570194e+02, -1.0538048645496986e+01,
            5.7808939430769387e+03 ]
    }
,    "_0136": {
        "type_id": "opencv-matrix",
        "rows": 3,
        "cols": 1,
        "dt": "d",
        "data": [ -8.7197609851562004e+02, 1.3066461024745877e+01,
            6.0636229660622121e+03 ]
    }
,    "_0137": {
        "type_id": "opencv-matrix",
        "rows": 3,
        "cols": 1,
        "dt": "d",
        "data": [ -8.6347113200082345e+02, 2.7754037510026990e+00,
            5.7858382422344830e+03 ]
    }
,    "_0138": {
        "type_id": "opencv-matrix",
        "rows": 3,
        "cols": 1,
        "dt": "d",
        "data": [ -8.5914932000823842e+02, 2.1109607933033487e+00,
            5.9559807486946183e+03 ]
    }
,    "_0139": {
        "type_id": "opencv-matrix",
        "rows": 3,
        "cols": 1,
        "dt": "d",
        "data": [ -8.4220956516897309e+02, 1.1543043303601820e+01,
            5.5916922950128665e+03 ]
    }
,    "_0140": {
        "type_id": "opencv-matrix",
        "rows": 3,
        "cols": 1,
        "dt": "d",
        "data": [ -8.6850981940912766e+02, -4.5437126271995680e+00,
            5.7486973586926742e+03 ]
    }
,    "_0141": {
        "type_id": "opencv-matrix",
        "rows": 3,
        "cols": 1,
        "dt": "d",
        "data": [ -8.5982238333765872e+02, -1.1108059209830969e+00,
            5.7165315083161368e+03 ]
    }
,    "_0142": {
        "type_id": "opencv-matrix",
        "rows": 3,
        "cols": 1,
        "dt": "d",
        "data": [ -8.5950126229207990e+02, 2.5786465117137197e+01,
            6.0141489303087092e+03 ]
    }
,    "_0143": {
        "type_id": "opencv-matrix",
        "rows": 3,
        "cols": 1,
        "dt": "d",
        "data": [ -8.5515823003553055e+02, 6.8772893488091711e+00,
            5.8650119865518809e+03 ]
    }
,    "_0144": {
        "type_id": "opencv-matrix",
        "rows": 3,
        "cols": 1,
        "dt": "d",
        "data": [ -8.6755261459268036e+02, 2.0838711933369154e+01,
            6.2854191986759852e+03 ]
    }
,    "_0145": {
        "type_id": "opencv-matrix",
        "rows": 3,
        "cols": 1,
        "dt": "d",
        "data": [ -8.6612239950335038e+02, 3.5969810352475804e+00,
            6.1003929496938654e+03 ]
    }
,    "_0146": {
        "type_id": "opencv-matrix",
        "rows": 3,
        "cols": 1,
        "dt": "d",
        "data": [ -8.6152534143398452e+02, 3.5811776010716216e+01,
            6.1904245416242929e+03 ]
    }
,    "_0147": {
        "type_id": "opencv-matrix",
        "rows": 3,
        "cols": 1,
        "dt": "d",
        "data": [ -8.5885480871989921e+02, 4.6878353600641276e+00,
            6.2257857328994614e+03 ]
    }
,    "_0148": {
        "type_id": "opencv-matrix",
        "rows": 3,
        "cols": 1,
        "dt": "d",
        "data": [ -8.9032758496140787e+02, 1.2488655677735778e+01,
            5.9906802092798944e+03 ]
    }
,    "_0149": {
        "type_id": "opencv-matrix",
        "rows": 3,
        "cols": 1,
        "dt": "d",
        "data": [ -8.6976852983220715e+02, 2.6879831597462385e+00,
            5.9897917417677818e+03 ]
    }
,    "_0150": {
        "type_id": "opencv-matrix",
        "rows": 3,
        "cols": 1,
        "dt": "d",
        "data": [ -8.5893200983392978e+02, 2.1759239747614174e+00,
            5.9925560738357035e+03 ]
    }
,    "_0151": {
        "type_id": "opencv-matrix",
        "rows": 3,
        "cols": 1,
        "dt": "d",
        "data": [ -8.8166046671190475e+02, 2.2255903364790953e+01,
            5.9928061505602454e+03 ]
    }
,    "_0152": {
        "type_id": "opencv-matrix",
        "rows": 3,
        "cols": 1,
        "dt": "d",
        "data": [ -8.6885910102595039e+02, 3.5140319310775965e+00,
            5.9481158914847365e+03 ]
    }
,    "_0153": {
        "type_id": "opencv-matrix",
        "rows": 3,
        "cols": 1,
        "dt": "d",
        "data": [ -8.7147940797397575e+02, 8.7520567526865989e-01,
            5.9590345356054622e+03 ]
    }
,    "_0154": {
        "type_id": "opencv-matrix",
        "rows": 3,
        "cols": 1,
        "dt": "d",
        "data": [ -8.6200807183539519e+02, 1.8166721786686821e+00,
            6.0678646691144004e+03 ]
    }
,    "_0155": {
        "type_id": "opencv-matrix",
        "rows": 3,
        "cols": 1,
        "dt": "d",
        "data": [ -8.6329489861723494e+02, 3.0150703023862491e+00,
            6.0659378368293683e+03 ]
    }
,    "_0156": {
        "type_id": "opencv-matrix",
        "rows": 3,
        "cols": 1,
        "dt": "d",
        "data": [ -8.7773966057465987e+02, 1.8535720048450230e+01,
            6.1334551944853301e+03 ]
    }
,    "_0157": {
        "type_id": "opencv-matrix",
        "rows": 3,
        "cols": 1,
        "dt": "d",
        "data": [ -8.7481404502008286e+02, 8.4521497562593453e+00,
            6.2904181408254899e+03 ]
    }
,    "_0158": {
        "type_id": "opencv-matrix",
        "rows": 3,
        "cols": 1,
        "dt": "d",
        "data": [ -8.6493832685979203e+02, 6.7628211568118672e+00,
            6.0893954071262306e+03 ]
    }
,    "_0159": {
        "type_id": "opencv-matrix",
        "rows": 3,
        "cols": 1,
        "dt": "d",
        "data": [ -8.6934343120966412e+02, -1.4994905001339305e+00,
            5.8208435758322739e+03 ]
    }
,    "_0160": {
        "type_id": "opencv-matrix",
        "rows": 3,
        "cols": 1,
        "dt": "d",
        "data": [ -8.7052597177237249e+02, 1.5986422619155661e+01,
            6.0323429594767422e+03 ]
    }
,    "_0161": {
        "type_id": "opencv-matrix",
        "rows": 3,
        "cols": 1,
        "dt": "d",
        "data": [ -8.5820133683533265e+02, 1.7067087268756040e+00,
            5.9778946482561241e+03 ]
    }
,    "_0162": {
        "type_id": "opencv-matrix",
        "rows": 3,
        "cols": 1,
        "dt": "d",
        "data": [ -8.5907323919292412e+02, 8.7718840440880825e+00,
            6.0140649353505642e+03 ]
    }
,    "_0163": {
        "type_id": "opencv-matrix",
        "rows": 3,
        "cols": 1,
        "dt": "d",
        "data": [ -8.4824512341726245e+02, 2.3753792264960801e+01,
            5.8522892277852870e+03 ]
    }
,    "_0164": {
        "type_id": "opencv-matrix",
        "rows": 3,
        "cols": 1,
        "dt": "d",
        "data": [ -8.6557856511346392e+02, 6.5433223968681773e+00,
            5.9451897471747643e+03 ]
    }
,    "_0165": {
        "type_id": "opencv-matrix",
        "rows": 3,
        "cols": 1,
        "dt": "d",
        "data": [ -8.7058618071833382e+02, 1.2561474402451211e+01,
            5.8636012449481505e+03 ]
    }
,    "_0166": {
        "type_id": "opencv-matrix",
        "rows": 3,
        "cols": 1,
        "dt": "d",
        "data": [ -8.6790001695377953e+02, 5.7254893083583909e+00,
            5.6710324600798558e+03 ]
    }
,    "_0167": {
        "type_id": "opencv-matrix",
        "rows": 3,
        "cols": 1,
        "dt": "d",
        "data": [ -8.6293281900619627e+02, 4.8529642041275736e+00,
            5.8023669227034788e+03 ]
    }
,    "_0168": {
        "type_id": "opencv-matrix",
        "rows": 3,
        "cols": 1,
        "dt": "d",
        "data": [ -8.6543421668315159e+02, 2.2703061015749597e+00,
            5.6176478443020842e+03 ]
    }
,    "_0169": {
        "type_id": "opencv-matrix",
        "rows": 3,
        "cols": 1,
        "dt": "d",
        "data": [ -8.6198032122627887e+02, 1.8798257407336848e+01,
            6.1564286497462454e+03 ]
    }
,    "_0170": {
        "type_id": "opencv-matrix",
        "rows": 3,
        "cols": 1,
        "dt": "d",
        "data": [ -8.6840555153135824e+02, 2.1329815605651248e+01,
            5.8223794819869172e+03 ]
    }
,    "_0171": {
        "type_id": "opencv-matrix",
        "rows": 3,
        "cols": 1,
        "dt": "d",
        "data": [ -8.6123275232641095e+02, 3.1258439106301267e+01,
            5.6550377557792353e+03 ]
    }
,    "_0172": {
        "type_id": "opencv-matrix",
        "rows": 3,
        "cols": 1,
        "dt": "d",
        "data": [ -8.5776719314952311e+02, 8.1197212981408882e+00,
            5.7786892562989779e+03 ]
    }
,    "_0173": {
        "type_id": "opencv-matrix",
        "rows": 3,
        "cols": 1,
        "dt": "d",
        "data": [ -8.6554197156114230e+02, 1.6051605906572490e+00,
            5.5992968311041932e+03 ]
    }
,    "_0174": {
        "type_id": "opencv-matrix",
        "rows": 3,
        "cols": 1,
        "dt": "d",
        "data": [ -8.6400820752117568e+02, 7.3068042002945788e+00,
            5.6848564976800371e+03 ]
    }
,    "_0175": {
        "type_id": "opencv-matrix",
        "rows": 3,
        "cols": 1,
        "dt": "d",
        "data": [ -8.6540938443317600e+02, 3.4311637265352459e+01,
            5.6394236482181313e+03 ]
    }
,    "_0176": {
        "type_id": "opencv-matrix",
        "rows": 3,
        "cols": 1,
        "dt": "d",
        "data": [ -8.6131883144414212e+02, 3.2583989504329622e+00,
            5.6823296081244125e+03 ]
    }
,    "_0177": {
        "type_id": "opencv-matrix",
        "rows": 3,
        "cols": 1,
        "dt": "d",
        "data": [ -8.6255464355305310e+02, 1.0051667905908573e+01,
            5.5795996494833225e+03 ]
    }
,    "_0178": {
        "type_id": "opencv-matrix",
        "rows": 3,
        "cols": 1,
        "dt": "d",
        "data": [ -8.6765359975096408e+02, 9.3815626670027541e+00,
            5.7211498311013183e+03 ]
    }
,    "_0179": {
        "type_id": "opencv-matrix",
        "rows": 3,
        "cols": 1,
        "dt": "d",
        "data": [ -8.6112217806962099e+02, 3.4948688874524692e-01,
            5.8558234641609142e+03 ]
    }
,    "_0180": {
        "type_id": "opencv-matrix",
        "rows": 3,
        "cols": 1,
        "dt": "d",
        "data": [ -8.5899081952594850e+02, 7.7531180994109832e+00,
            6.1459906738447244e+03 ]
    }
,    "_0181": {
        "type_id": "opencv-matrix",
        "rows": 3,
        "cols": 1,
        "dt": "d",
        "data": [ -8.6557157177354145e+02, 5.5642944278503336e+01,
            6.0543267407052217e+03 ]
    }
,    "_0182": {
        "type_id": "opencv-matrix",
        "rows": 3,
        "cols": 1,
        "dt": "d",
        "data": [ -8.6381722552805513e+02, 2.3835285623801809e+01,
            5.9222997318811158e+03 ]
    }
,    "_0183": {
        "type_id": "opencv-matrix",
        "rows": 3,
        "cols": 1,
        "dt": "d",
        "data": [ -8.6936252875671596e+02, 2.4708842586830315e+01,
            5.8711242850446597e+03 ]
    }
,    "_0184": {
        "type_id": "opencv-matrix",
        "rows": 3,
        "cols": 1,
        "dt": "d",
        "data": [ -8.6139943898465492e+02, 8.2376544878702305e+00,
            5.6264238164521748e+03 ]
    }
,    "_0185": {
        "type_id": "opencv-matrix",
        "rows": 3,
        "cols": 1,
        "dt": "d",
        "data": [ -8.6616190483437299e+02, 3.7486625464884753e+00,
            5.8834804411094956e+03 ]
    }
,    "_0186": {
        "type_id": "opencv-matrix",
        "rows": 3,
        "cols": 1,
        "dt": "d",
        "data": [ -8.6602171600887937e+02, 6.6630083785798604e+00,
            6.1122129424473296e+03 ]
    }
,    "_0187": {
        "type_id": "opencv-matrix",
        "rows": 3,
        "cols": 1,
        "dt": "d",
        "data": [ -8.6502101320923498e+02, 3.7415828850959940e+00,
            5.9207321067181729e+03 ]
    }
,    "_0188": {
        "type_id": "opencv-matrix",
        "rows": 3,
        "cols": 1,
        "dt": "d",
        "data": [ -8.6276488756277809e+02, 9.1273116492541817e-01,
            5.7625729106186300e+03 ]
    }
,    "_0189": {
        "type_id": "opencv-matrix",
        "rows": 3,
        "cols": 1,
        "dt": "d",
        "data": [ -8.6376957213778530e+02, 1.3414926231371879e+01,
            5.7394814641869652e+03 ]
    }
,    "_0190": {
        "type_id": "opencv-matrix",
        "rows": 3,
        "cols": 1,
        "dt": "d",
        "data": [ -8.5657353036096310e+02, 1.1311695459295549e+01,
            5.7120015766149909e+03 ]
    }
,    "_0191": {
        "type_id": "opencv-matrix",
        "rows": 3,
        "cols": 1,
        "dt": "d",
        "data": [ -8.5067817236899577e+02, 3.4302126121788859e+01,
            5.7378455814280132e+03 ]
    }
,    "_0192": {
        "type_id": "opencv-matrix",
        "rows": 3,
        "cols": 1,
        "dt": "d",
        "data": [ -8.5329662372308326e+02, 4.9400872886857030e+00,
            5.7271470549370333e+03 ]
    }
,    "_0193": {
        "type_id": "opencv-matrix",
        "rows": 3,
        "cols": 1,
        "dt": "d",
        "data": [ -8.6494848673174488e+02, -5.6327450357835005e+00,
            5.7317237704355030e+03 ]
    }
,    "_0194": {
        "type_id": "opencv-matrix",
        "rows": 3,
        "cols": 1,
        "dt": "d",
        "data": [ -8.6590671267098048e+02, -3.6973509341629835e+00,
            5.8269205279159232e+03 ]
    }
,    "_0195": {
        "type_id": "opencv-matrix",
        "rows": 3,
        "cols": 1,
        "dt": "d",
        "data": [ -8.6549685966380002e+02, 7.6624398088280827e+00,
            5.9493694132062628e+03 ]
    }
,    "_0196": {
        "type_id": "opencv-matrix",
        "rows": 3,
        "cols": 1,
        "dt": "d",
        "data": [ -8.6982996823938720e+02, 2.1820523980894677e+00,
            5.9670076210869574e+03 ]
    }
,    "_0197": {
        "type_id": "opencv-matrix",
        "rows": 3,
        "cols": 1,
        "dt": "d",
        "data": [ -8.6731767559737784e+02, 2.5130563180642298e+00,
            5.8378418632243183e+03 ]
    }
,    "_0198": {
        "type_id": "opencv-matrix",
        "rows": 3,
        "cols": 1,
        "dt": "d",
        "data": [ -8.7145328135579268e+02, 7.2294705600066322e-01,
            5.7268857021456688e+03 ]
    }
,    "_0199": {
        "type_id": "opencv-matrix",
        "rows": 3,
        "cols": 1,
        "dt": "d",
        "data": [ -8.6841076749450497e+02, 4.9227816684154959e+00,
            5.7560024389484088e+03 ]
    }
,    "_0200": {
        "type_id": "opencv-matrix",
        "rows": 3,
        "cols": 1,
        "dt": "d",
        "data": [ -8.6642098374253646e+02, 4.1019188022042385e+00,
            5.8095361975125379e+03 ]
    }
,    "_0201": {
        "type_id": "opencv-matrix",
        "rows": 3,
        "cols": 1,
        "dt": "d",
        "data": [ -8.6157797544786104e+02, 1.8838512406041218e+01,
            5.5981277976772772e+03 ]
    }
,    "_0202": {
        "type_id": "opencv-matrix",
        "rows": 3,
        "cols": 1,
        "dt": "d",
        "data": [ -8.6918944644038152e+02, 2.1600287941256312e+01,
            5.5393705296352091e+03 ]
    }
,    "_0203": {
        "type_id": "opencv-matrix",
        "rows": 3,
        "cols": 1,
        "dt": "d",
        "data": [ -8.5590125449016534e+02, 2.6981245764019377e+00,
            5.7589771269246676e+03 ]
    }
,    "_0204": {
        "type_id": "opencv-matrix",
        "rows": 3,
        "cols": 1,
        "dt": "d",
        "data": [ -8.6713973791744331e+02, 5.8516642322227312e+00,
            5.9593927331408549e+03 ]
    }
,    "_0205": {
        "type_id": "opencv-matrix",
        "rows": 3,
        "cols": 1,
        "dt": "d",
        "data": [ -8.6107181875312153e+02, 3.6106213014108164e+00,
            5.9640780236950231e+03 ]
    }
,    "_0206": {
        "type_id": "opencv-matrix",
        "rows": 3,
        "cols": 1,
        "dt": "d",
        "data": [ -8.7188973027648444e+02, 1.6975976512138374e+01,
            5.6734990092482694e+03 ]
    }
,    "_0207": {
        "type_id": "opencv-matrix",
        "rows": 3,
        "cols": 1,
        "dt": "d",
        "data": [ -8.6985259060178851e+02, 9.6965765973851887e+00,
            5.6602266245632209e+03 ]
    }
,    "_0208": {
        "type_id": "opencv-matrix",
        "rows": 3,
        "cols": 1,
        "dt": "d",
        "data": [ -8.6180548001599152e+02, 1.0085678119673361e+01,
            5.7772291731682608e+03 ]
    }
,    "_0209": {
        "type_id": "opencv-matrix",
        "rows": 3,
        "cols": 1,
        "dt": "d",
        "data": [ -8.5638130047093910e+02, 1.7326443235786456e+01,
            5.7983745000572071e+03 ]
    }
,    "_0210": {
        "type_id": "opencv-matrix",
        "rows": 3,
        "cols": 1,
        "dt": "d",
        "data": [ -8.5965046450674220e+02, 1.2485804427273166e+01,
            5.5425588572016168e+03 ]
    }
,    "_0211": {
        "type_id": "opencv-matrix",
        "rows": 3,
        "cols": 1,
        "dt": "d",
        "data": [ -8.6234354717630185e+02, 1.0504266525777865e+01,
            5.6687950616632961e+03 ]
    }
,    "_0212": {
        "type_id": "opencv-matrix",
        "rows": 3,
        "cols": 1,
        "dt": "d",
        "data": [ -8.6698771171057501e+02, 5.7700243665015023e+00,
            5.8312195483149317e+03 ]
    }
,    "_0213": {
        "type_id": "opencv-matrix",
        "rows": 3,
        "cols": 1,
        "dt": "d",
        "data": [ -8.6337422946903212e+02, 2.8675056975075393e+00,
            5.7380231720075653e+03 ]
    }
,    "_0214": {
        "type_id": "opencv-matrix",
        "rows": 3,
        "cols": 1,
        "dt": "d",
        "data": [ -8.5295071366581499e+02, -6.7564438968910281e+00,
            5.9259323342890875e+03 ]
    }
,    "_0215": {
        "type_id": "opencv-matrix",
        "rows": 3,
        "cols": 1,
        "dt": "d",
        "data": [ -8.6874641054535039e+02, 3.0943012718272200e+00,
            5.9309375203463005e+03 ]
    }
,    "_0216": {
        "type_id": "opencv-matrix",
        "rows": 3,
        "cols": 1,
        "dt": "d",
        "data": [ -8.6457610950567698e+02, 1.4337873122379676e+00,
            5.7144068587146630e+03 ]
    }
,    "_0217": {
        "type_id": "opencv-matrix",
        "rows": 3,
        "cols": 1,
        "dt": "d",
        "data": [ -8.6173338264339225e+02, 1.6832163895464902e+01,
            5.8399586705529928e+03 ]
    }
,    "_0218": {
        "type_id": "opencv-matrix",
        "rows": 3,
        "cols": 1,
        "dt": "d",
        "data": [ -8.6355438170862408e+02, 2.9930782715162309e+01,
            5.7923424962278114e+03 ]
    }
,    "_0219": {
        "type_id": "opencv-matrix",
        "rows": 3,
        "cols": 1,
        "dt": "d",
        "data": [ -8.5991676051080083e+02, -3.5160703271545231e+00,
            5.8170040428157135e+03 ]
    }
,    "_0220": {
        "type_id": "opencv-matrix",
        "rows": 3,
        "cols": 1,
        "dt": "d",
        "data": [ -8.6071257988652064e+02, 2.1050617079083906e+00,
            5.7153638142295149e+03 ]
    }
,    "_0221": {
        "type_id": "opencv-matrix",
        "rows": 3,
        "cols": 1,
        "dt": "d",
        "data": [ -8.6047156478634838e+02, -8.9483990212450806e+00,
            5.6998955848644500e+03 ]
    }
,    "_0222": {
        "type_id": "opencv-matrix",
        "rows": 3,
        "cols": 1,
        "dt": "d",
        "data": [ -8.6428837631820090e+02, -4.0728850464990387e+00,
            5.9604930637680009e+03 ]
    }
,    "_0223": {
        "type_id": "opencv-matrix",
        "rows": 3,
        "cols": 1,
        "dt": "d",
        "data": [ -8.6354263885251919e+02, -3.3954380776037567e+00,
            6.0506182828820383e+03 ]
    }
,    "_0224": {
        "type_id": "opencv-matrix",
        "rows": 3,
        "cols": 1,
        "dt": "d",
        "data": [ -8.5636098416568188e+02, 5.6413738739197186e+00,
            5.7017432908358151e+03 ]
    }
,    "_0225": {
        "type_id": "opencv-matrix",
        "rows": 3,
        "cols": 1,
        "dt": "d",
        "data": [ -8.7214832846509194e+02, 1.2380691614605354e+01,
            5.8939092333558465e+03 ]
    }
,    "_0226": {
        "type_id": "opencv-matrix",
        "rows": 3,
        "cols": 1,
        "dt": "d",
        "data": [ -8.5879390500926070e+02, 8.1082205461488286e+00,
            5.7041127428403324e+03 ]
    }
,    "_0227": {
        "type_id": "opencv-matrix",
        "rows": 3,
        "cols": 1,
        "dt": "d",
        "data": [ -8.6745559689504489e+02, 1.7191220621302477e+01,
            5.8959187475474009e+03 ]
    }
,    "_0228": {
        "type_id": "opencv-matrix",
        "rows": 3,
        "cols": 1,
        "dt": "d",
        "data": [ -8.6168135310586581e+02, 7.1231151863016748e+00,
            5.5855230512563530e+03 ]
    }
,    "_0229": {
        "type_id": "opencv-matrix",
        "rows": 3,
        "cols": 1,
        "dt": "d",
        "data": [ -8.6343931305355159e+02, -4.9925351618384184e-02,
            5.9142736630580985e+03 ]
    }
,    "_0230": {
        "type_id": "opencv-matrix",
        "rows": 3,
        "cols": 1,
        "dt": "d",
        "data": [ -8.6317780742037269e+02, 1.2207368051446963e+01,
            5.4414625111720397e+03 ]
    }
,    "_0231": {
        "type_id": "opencv-matrix",
        "rows": 3,
        "cols": 1,
        "dt": "d",
        "data": [ -8.7117822231119248e+02, 1.2591830422441177e+01,
            5.8496708359898976e+03 ]
    }
,    "_0232": {
        "type_id": "opencv-matrix",
        "rows": 3,
        "cols": 1,
        "dt": "d",
        "data": [ -8.6896864342823039e+02, 1.9077210511466376e+01,
            5.5662024492304145e+03 ]
    }
,    "_0233": {
        "type_id": "opencv-matrix",
        "rows": 3,
        "cols": 1,
        "dt": "d",
        "data": [ -8.6851306715017665e+02, 1.3394843811932475e+01,
            5.6795111647135700e+03 ]
    }
,    "_0234": {
        "type_id": "opencv-matrix",
        "rows": 3,
        "cols": 1,
        "dt": "d",
        "data": [ -8.7120545101590221e+02, 1.2971281725169234e+01,
            5.7005124686723320e+03 ]
    }
,    "_0235": {
        "type_id": "opencv-matrix",
        "rows": 3,
        "cols": 1,
        "dt": "d",
        "data": [ -8.6501782703847562e+02, 1.1851846473777414e+01,
            5.7981569521178744e+03 ]
    }
,    "_0236": {
        "type_id": "opencv-matrix",
        "rows": 3,
        "cols": 1,
        "dt": "d",
        "data": [ -8.6023070923551575e+02, 9.4481054119239616e+00,
            5.5470281935941457e+03 ]
    }
,    "_0237": {
        "type_id": "opencv-matrix",
        "rows": 3,
        "cols": 1,
        "dt": "d",
        "data": [ -8.6497446667163035e+02, 1.4104019493621877e+01,
            5.8559826923140363e+03 ]
    }
,    "_0238": {
        "type_id": "opencv-matrix",
        "rows": 3,
        "cols": 1,
        "dt": "d",
        "data": [ -8.6878267750585076e+02, 1.5728292389989122e+01,
            5.7072282343022089e+03 ]
    }
,    "_0239": {
        "type_id": "opencv-matrix",
        "rows": 3,
        "cols": 1,
        "dt": "d",
        "data": [ -8.6534523260946787e+02, 1.4205800493777588e+01,
            5.7536967202106407e+03 ]
    }
,    "_0240": {
        "type_id": "opencv-matrix",
        "rows": 3,
        "cols": 1,
        "dt": "d",
        "data": [ -8.6195064178985410e+02, 6.9604294023895932e+00,
            5.6032522539281854e+03 ]
    }
,    "_0241": {
        "type_id": "opencv-matrix",
        "rows": 3,
        "cols": 1,
        "dt": "d",
        "data": [ -8.5893509580644252e+02, 1.4855005066975224e+01,
            5.8540262768729117e+03 ]
    }
,    "_0242": {
        "type_id": "opencv-matrix",
        "rows": 3,
        "cols": 1,
        "dt": "d",
        "data": [ -8.6336326710255230e+02, 1.6831374892880874e+01,
            5.5241097844313972e+03 ]
    }
,    "_0243": {
        "type_id": "opencv-matrix",
        "rows": 3,
        "cols": 1,
        "dt": "d",
        "data": [ -8.6122679496779847e+02, -2.2814541057195783e+01,
            5.7935231847775012e+03 ]
    }
,    "_0244": {
        "type_id": "opencv-matrix",
        "rows": 3,
        "cols": 1,
        "dt": "d",
        "data": [ -8.6568426174549734e+02, 4.7523451997167854e+00,
            5.8634717671858243e+03 ]
    }
,    "_0245": {
        "type_id": "opencv-matrix",
        "rows": 3,
        "cols": 1,
        "dt": "d",
        "data": [ -8.6530559821615805e+02, 1.5871954703097231e+01,
            5.6220566202121299e+03 ]
    }
,    "_0246": {
        "type_id": "opencv-matrix",
        "rows": 3,
        "cols": 1,
        "dt": "d",
        "data": [ -8.6141678355201441e+02, 6.2920266003520595e+00,
            5.5293553023314435e+03 ]
    }
,    "_0247": {
        "type_id": "opencv-matrix",
        "rows": 3,
        "cols": 1,
        "dt": "d",
        "data": [ -8.6160054284134128e+02, 1.3737916788644128e+01,
            5.3701160277739837e+03 ]
    }
,    "_0248": {
        "type_id": "opencv-matrix",
        "rows": 3,
        "cols": 1,
        "dt": "d",
        "data": [ -8.6133270124196883e+02, 2.2497590420415804e+01,
            5.8793677033682125e+03 ]
    }
,    "_0249": {
        "type_id": "opencv-matrix",
        "rows": 3,
        "cols": 1,
        "dt": "d",
        "data": [ -8.6362513377352570e+02, 7.0883814564002847e+00,
            5.6396333536167749e+03 ]
    }
,    "_0250": {
        "type_id": "opencv-matrix",
        "rows": 3,
        "cols": 1,
        "dt": "d",
        "data": [ -8.6203377938124208e+02, 3.3171778447178042e+00,
            5.9125617012724688e+03 ]
    }
,    "_0251": {
        "type_id": "opencv-matrix",
        "rows": 3,
        "cols": 1,
        "dt": "d",
        "data": [ -8.6092618661134384e+02, 8.6213055191986712e+00,
            5.8578314782259176e+03 ]
    }
,    "_0252": {
        "type_id": "opencv-matrix",
        "rows": 3,
        "cols": 1,
        "dt": "d",
        "data": [ -8.6168127636545853e+02, -2.1374674341433035e+00,
            5.9961778624667622e+03 ]
    }
,    "_0253": {
        "type_id": "opencv-matrix",
        "rows": 3,
        "cols": 1,
        "dt": "d",
        "data": [ -8.6427891360867659e+02, 7.4989969282460720e+00,
            5.9926670048226388e+03 ]
    }
,    "_0254": {
        "type_id": "opencv-matrix",
        "rows": 3,
        "cols": 1,
        "dt": "d",
        "data": [ -8.6804583850905408e+02, 2.8668498508624594e+01,
            5.9226950517359128e+03 ]
    }
,    "_0255": {
        "type_id": "opencv-matrix",
        "rows": 3,
        "cols": 1,
        "dt": "d",
        "data": [ -8.7284579198527797e+02, -8.6807861240471595e-01,
            5.7789851061893150e+03 ]
    }
,    "_0256": {
        "type_id": "opencv-matrix",
        "rows": 3,
        "cols": 1,
        "dt": "d",
        "data": [ -8.5632838461390077e+02, 2.7446086492005321e+01,
            5.9524112148369450e+03 ]
    }
,    "_0257": {
        "type_id": "opencv-matrix",
        "rows": 3,
        "cols": 1,
        "dt": "d",
        "data": [ -8.6205074907052040e+02, -2.6617972687492568e+01,
            5.5775973270355535e+03 ]
    }
,    "_0258": {
        "type_id": "opencv-matrix",
        "rows": 3,
        "cols": 1,
        "dt": "d",
        "data": [ -8.5652753542190987e+02, 2.1244366308814335e+00,
            5.4914397336477668e+03 ]
    }
,    "_0259": {
        "type_id": "opencv-matrix",
        "rows": 3,
        "cols": 1,
        "dt": "d",
        "data": [ -8.5311428966149742e+02, 1.4527173270302114e+01,
            5.7478695588504406e+03 ]
    }
,    "_0260": {
        "type_id": "opencv-matrix",
        "rows": 3,
        "cols": 1,
        "dt": "d",
        "data": [ -8.5905438342757861e+02, -2.5838387764035730e+01,
            5.5712323501707360e+03 ]
    }
,    "_0261": {
        "type_id": "opencv-matrix",
        "rows": 3,
        "cols": 1,
        "dt": "d",
        "data": [ -8.5745388293214580e+02, -2.1141414564066650e+01,
            5.9298688191207912e+03 ]
    }
,    "_0262": {
        "type_id": "opencv-matrix",
        "rows": 3,
        "cols": 1,
        "dt": "d",
        "data": [ -8.5566838886077994e+02, 1.8249343891092110e+01,
            5.9037155951431887e+03 ]
    }
,    "_0263": {
        "type_id": "opencv-matrix",
        "rows": 3,
        "cols": 1,
        "dt": "d",
        "data": [ -8.6438492864850969e+02, -5.5941468976034514e+00,
            5.8704789623620181e+03 ]
    }
,    "_0264": {
        "type_id": "opencv-matrix",
        "rows": 3,
        "cols": 1,
        "dt": "d",
        "data": [ -8.6320883202160644e+02, 6.7001912044883341e+00,
            5.7781635152025392e+03 ]
    }
,    "_0265": {
        "type_id": "opencv-matrix",
        "rows": 3,
        "cols": 1,
        "dt": "d",
        "data": [ -8.5820645988346200e+02, 6.7935970298851487e+00,
            5.6241136538803785e+03 ]
    }
,    "_0266": {
        "type_id": "opencv-matrix",
        "rows": 3,
        "cols": 1,
        "dt": "d",
        "data": [ -8.6811722328561575e+02, -1.4956141884104852e+00,
            5.7400685308026277e+03 ]
    }
,    "_0267": {
        "type_id": "opencv-matrix",
        "rows": 3,
        "cols": 1,
        "dt": "d",
        "data": [ -8.7438815657828331e+02, 8.7393012711982010e+00,
            5.6725996426309703e+03 ]
    }
,    "_0268": {
        "type_id": "opencv-matrix",
        "rows": 3,
        "cols": 1,
        "dt": "d",
        "data": [ -8.6618388855544390e+02, 1.6748602847273759e+01,
            6.1024671105785146e+03 ]
    }
}
